-- phpMyAdmin SQL Dump
-- version 5.0.2
-- https://www.phpmyadmin.net/
--
-- Host: 127.0.0.1
-- Generation Time: Jan 09, 2023 at 02:36 PM
-- Server version: 10.4.14-MariaDB
-- PHP Version: 7.4.9

SET SQL_MODE = "NO_AUTO_VALUE_ON_ZERO";
START TRANSACTION;
SET time_zone = "+00:00";


/*!40101 SET @OLD_CHARACTER_SET_CLIENT=@@CHARACTER_SET_CLIENT */;
/*!40101 SET @OLD_CHARACTER_SET_RESULTS=@@CHARACTER_SET_RESULTS */;
/*!40101 SET @OLD_COLLATION_CONNECTION=@@COLLATION_CONNECTION */;
/*!40101 SET NAMES utf8mb4 */;

--
-- Database: `db_sekolah`
--

-- --------------------------------------------------------

--
-- Table structure for table `admin`
--

CREATE TABLE `admin` (
  `id_admin` int(11) NOT NULL,
  `username` varchar(20) NOT NULL,
  `password` varchar(10) NOT NULL,
  `nama` varchar(100) NOT NULL
) ENGINE=InnoDB DEFAULT CHARSET=utf8mb4;

--
-- Dumping data for table `admin`
--

INSERT INTO `admin` (`id_admin`, `username`, `password`, `nama`) VALUES
(22, 'ADM001', '1234', 'Aditiya'),
(23, 'ADM002', '1234', 'Yoga'),
(24, 'ADM003', '12345678', 'Hendri');

-- --------------------------------------------------------

--
-- Table structure for table `tabel_kriteria`
--

CREATE TABLE `tabel_kriteria` (
  `id_kriteria` int(10) NOT NULL,
  `kriteria` text NOT NULL,
  `jenis` varchar(10) NOT NULL,
  `bobot` float NOT NULL
) ENGINE=InnoDB DEFAULT CHARSET=utf8mb4;

--
-- Dumping data for table `tabel_kriteria`
--

INSERT INTO `tabel_kriteria` (`id_kriteria`, `kriteria`, `jenis`, `bobot`) VALUES
(1, 'UN IPA', 'cost', 0.04),
(2, 'UN IPS', 'benefit', 0.04),
(3, 'UN MATEMATIKA', 'benefit', 0.03),
(4, 'TES SOAL IPA', 'cost', 0.04),
(5, 'TES SOAL IPS', 'benefit', 0.04),
(6, 'BAHASA INDONESIA SMESTER 1', 'benefit', 0.015),
(7, 'BAHASA INDONESIA SMESTER 2', 'benefit', 0.015),
(8, 'BAHASA INDONESIA SMESTER 3', 'benefit', 0.015),
(9, 'BAHASA INDONESIA SMESTER 4', 'benefit', 0.015),
(10, 'BAHASA INDONESIA SMESTER 5', 'benefit', 0.015),
(11, 'BAHASA INDONESIA SMESTER 6', 'benefit', 0.015),
(12, 'BAHASA INGGRIS SMESTER 1', 'benefit', 0.015),
(13, 'BAHASA INGGRIS SMESTER 2', 'benefit', 0.015),
(14, 'BAHASA INGGRIS SMESTER 3', 'cost', 0.015),
(15, 'BAHASA INGGRIS SMESTER 4', 'benefit', 0.015),
(16, 'BAHASA INGGRIS SMESTER 5', 'benefit', 0.015),
(17, 'BAHASA INGGRIS SMESTER 6', 'benefit', 0.015),
(18, 'MATEMATIKA SMESTER 1', 'cost', 0.015),
(19, 'MATEMATIKA SMESTER 2', 'cost', 0.015),
(20, 'MATEMATIKA SMESTER 3', 'cost', 0.015),
(21, 'MATEMATIKA SMESTER 4', 'benefit', 0.015),
(22, 'MATEMATIKA SMESTER 5', 'benefit', 0.015),
(23, 'MATEMATIKA SMESTER 6', 'cost', 0.015),
(24, 'IPA SMESTER 1', 'cost', 0.04),
(25, 'IPA SMESTER 2', 'cost', 0.04),
(26, 'IPA SMESTER 3', 'cost', 0.04),
(27, 'IPA SMESTER 4', 'cost', 0.04),
(28, 'IPA SMESTER 5', 'cost', 0.04),
(29, 'IPA SMESTER 6', 'cost', 0.04),
(30, 'IPS SMESTER 1', 'benefit', 0.04),
(31, 'IPS SMESTER 2', 'benefit', 0.04),
(32, 'IPS SMESTER 3', 'benefit', 0.04),
(33, 'IPS SMESTER 4', 'benefit', 0.04),
(34, 'IPS SMESTER 5', 'benefit', 0.04),
(35, 'IPS SMESTER 6', 'benefit', 0.04),
(36, 'TES WAWANCARA', 'benefit', 0.04),
(37, 'MINAT MURID', 'benefit', 0.04),
(38, 'SARAN ORANG TUA', 'benefit', 0.02);

-- --------------------------------------------------------

--
-- Table structure for table `tabel_murid`
--

CREATE TABLE `tabel_murid` (
  `id_siswa` int(100) NOT NULL,
  `nisn` int(30) NOT NULL,
  `nama` varchar(100) NOT NULL,
  `ttl` date NOT NULL,
  `agama` varchar(50) NOT NULL,
  `alamat` varchar(100) NOT NULL,
  `asalsekolah` varchar(100) NOT NULL,
  `hp` varchar(20) NOT NULL,
  `kelamin` enum('L','P') NOT NULL
) ENGINE=InnoDB DEFAULT CHARSET=utf8mb4;

--
-- Dumping data for table `tabel_murid`
--

INSERT INTO `tabel_murid` (`id_siswa`, `nisn`, `nama`, `ttl`, `agama`, `alamat`, `asalsekolah`, `hp`, `kelamin`) VALUES
(103, 59748494, 'Karina', '2005-01-07', 'Buddha', 'Tabuan Rt.03', 'SMPN 5 HALONG', '085753153914', 'P'),
(104, 27850493, 'Kurniawansyah', '2002-03-12', 'Islam', 'Tabuan Rt.04', 'SMPN 5 HALONG', '085754146379', 'L'),
(105, 688715555, 'Lovee Hikmah', '2006-11-11', 'Islam', 'Mantuyan Rt.03', 'SMPN 5 HALONG', '082154344140', 'P'),
(106, 55811838, 'Misnawati', '2005-10-03', 'Islam', 'Jln. Tumpsugi - Batu Licin Km 97 Rt.01', 'SMPN MANTEWE', '08538994626', 'P'),
(107, 58653752, 'Muhammad Rizki Rahman', '2005-06-01', 'Islam', 'Mantuyan Rt.01', 'SMPN 6 HALONG', '085654059695', 'L'),
(108, 38826373, 'Muhammad Sadri', '2003-11-09', 'Islam', 'Mantuyan Rt.03', 'SMPN 5 HALONG', '0858208001516', 'L'),
(109, 62502672, 'Monisa', '2005-05-05', 'Buddha', 'Mantuyan Rt.02', 'SMPN 5 HALONG', '082136310745', 'L'),
(110, 59532725, 'Nobil', '2005-10-25', 'Islam', 'Buntu Pilanduk Rt.02', 'SMPN 5 HALONG', '082112397479', 'L'),
(111, 44858940, 'Nanda Waisaka Putra', '2004-05-25', 'Buddha', 'Jln. Datu Belimbingan Ds.Kapul Rt.02 No.4', 'SMPN 3 TAMIANG LAYANG', '081283544986', 'L'),
(112, 69857938, 'Nilmalasari', '2006-03-18', 'Buddha', 'Tabuan Rt.02', 'SMPN 5 HALONG', '082388975665', 'P'),
(113, 78563056, 'Norhalisah', '2007-05-07', 'Islam', 'Padang Raya Rt.04', 'SMPN 1 AWAYAN', '083150923374', 'P'),
(114, 52918620, 'Nur Keysha Azalie', '2005-07-11', 'Islam', 'Padang Raya Rt.01', 'SMPN 1 HALONG', '085348379610', 'P'),
(115, 50899406, 'Piktoria', '2005-01-24', 'Buddha', 'Jln. Tepian Ds.Kapul Rt.01', 'SMPN 1 HALONG', '085752475926', 'L'),
(116, 66066731, 'Pingkom Aulia Rahman', '2006-01-30', 'Islam', 'Mantuyan Rt.04', 'SMPN 1 AWAYAN', '082250271536', 'P'),
(117, 57896323, 'Raseno', '2005-11-09', 'Buddha', 'Aniungan Rt.04', 'SMPN 1 HALONG', '082251829446', 'L'),
(118, 68996124, 'Reynaldy Kurniawan', '2006-07-07', 'Islam', 'Jln.Tepian Ds.Kapul Rt.01', 'SMPN 1 HALONG', '082350476579', 'L'),
(119, 38431124, 'Redikha', '2003-02-16', 'Buddha', 'Jln. Datu Belimbingan Ds.Kapul Rt.03', 'SMPN 1 HALONG', '0857543131688', 'L'),
(120, 66413834, 'Risnawati', '2006-08-16', 'Buddha', 'Kapul Rt.03 Rw.02', 'SMPN 1 HALONG', '085251645393', 'P'),
(121, 62978525, 'Rosalinda', '2005-04-15', 'Buddha', 'Tabuan Rt.03', 'SMPN 5 HALONG', '082157742745', 'P'),
(122, 53658591, 'Saidatul Aisyah', '2004-07-01', 'Islam', 'Padang Raya Rt.06', 'SMPN 1 HALONG', '081250383649', 'P'),
(123, 67460864, 'Hamet Parmadi', '2006-06-19', 'Islam', 'Halong Rt.04', 'SMPN 1 HALONG', '085348621377', 'L'),
(124, 42927529, 'Syahli', '2004-09-19', 'Islam', 'Mantuyan Rt.04', 'SMPN 5 HALONG', '082255477573', 'L'),
(125, 54230063, 'Syahidul Karrah', '2005-07-14', 'Islam', 'Padang Raya Rt.01', 'SMPN 1 HALONG', '082261249305', 'L'),
(126, 67547785, 'Tika Alnonita', '2006-08-09', 'Islam', 'Padang Raya Rt.01', 'SMPN 10 BANJARBARU', '085753165594', 'P'),
(127, 51885116, 'Lidia Sari', '2004-04-22', 'Buddha', 'Jln.Tepian Kapus Rt.01 Rw.02 No.10', 'SMPN 1 HALONG', '083143257345', 'P'),
(128, 65275046, 'Yikau', '2005-07-01', 'Buddha', 'Libaru Sungkai Rt.03', 'SMPN 7 HALONG', '081257713371', 'P'),
(129, 61960944, 'Zarita Zarke', '2006-10-28', 'Islam', 'Halong Rt.03', 'SMPN 1 HALONG', '085753291264', 'P'),
(130, 34429887, 'Abidin', '2003-11-25', 'Islam', 'Mantuyan Rt.04 No.15', 'SMPN 5 HALONG', '08223457767', 'L'),
(131, 30415089, 'Febrian', '2005-02-01', 'Kristen Protestan', 'Paringin Selatan', 'SMPN 4 HALONG', '085722344356', 'L'),
(132, 64559438, 'Selma', '2006-06-06', 'Buddha', 'Hauwai Rt.02', 'SMPN 6 HALONG', '085844233295', 'P'),
(133, 50899412, 'Andi Pernando', '2005-06-20', 'Buddha', 'Jln. Datu Belimbingan Ds.Kapul Rt.04', 'SMPN 1 HALONG', '082210975933', 'L'),
(134, 45117264, 'Andri Maulana', '2004-09-27', 'Kristen Protestan', 'Jln. Datu Belimbingan Ds.Kapul Rt.04', 'SMPN ATIRAN', '082154645378', 'L'),
(135, 51852491, 'Anna Talid', '2005-06-21', 'Kristen Katolik', 'Tabuan Rt.01', 'SMPN 5 HALONG', '082297484483', 'P'),
(136, 43663849, 'Ari Tonony', '2004-10-09', 'Buddha', 'Tabuan Rt.03', 'SMPN 5 HALONG', '081413182819', 'L'),
(137, 61550782, 'Arlin', '2004-08-26', 'Buddha', 'Tabuan Rt.01', 'SMPN 5 HALONG', '081234436751', 'P'),
(138, 50899405, 'Armet', '2005-01-17', 'Buddha', 'Aniungan Rt.01 No.34', 'SMPN 1 HALONG', '085714268269', 'L'),
(139, 53755639, 'Aya', '2005-11-09', 'Hindu', 'Tabuan Rt.03', 'SMPN 5 HALONG', '081520323985', 'P'),
(140, 19457566, 'Bandi Ardilah', '2001-02-08', 'Islam', 'Manbiyan Rt.03', 'SMPN 3 BATU MANDI', '082180830176', 'L'),
(141, 50899413, 'Bojes', '2005-06-28', 'Buddha', 'Kapul Rt.02', 'SMPN 1 HALONG', '082191619610', 'L'),
(142, 51298280, 'Cindy Clowdya Monica', '2005-04-05', 'Buddha', 'Kapul RT.03', 'SMPN 1 HALONG', '085654098816', 'P'),
(143, 5089415, 'Edit Winata', '2005-07-08', 'Buddha', 'Jln. Datu Belimbingan Ds. Kapul Rt.02', 'SMPN 1 HALONG', '082358216123', 'L'),
(144, 65920345, 'Friska Susanti Nadia', '2006-10-11', 'Buddha', 'Kapul Rt.01', 'SMPN 1 HALONG', '085817299736', 'P'),
(145, 51679747, 'Harat', '2005-11-03', 'Buddha', 'Libaru Sungkai Rt.03', 'SMPN 1 HALONG', '082250087640', 'P'),
(146, 66906937, 'Hasada', '2005-05-25', 'Buddha', 'Tabuan Rt.01', 'SMPN 1 HALONG', '082298786676', 'L'),
(147, 62537055, 'Herdi', '2006-06-22', 'Buddha', 'Kapul Rt.01', 'SMPN 1 HALONG', '081521752998', 'L'),
(148, 50253579, 'Indra Arjuna Saputra', '2003-09-08', 'Buddha', 'Aniungan Rt.01', 'SMPN 1 HALONG', '085780980018', 'L'),
(149, 65821918, 'Irwanto', '2006-12-12', 'Buddha', 'Mantuyan Rt.02', 'SMPN 1 HALONG', '081276568876', 'L');

--
-- Triggers `tabel_murid`
--
DELIMITER $$
CREATE TRIGGER `triger_tabel_siswa` AFTER INSERT ON `tabel_murid` FOR EACH ROW INSERT INTO tabel_penilaian_kriteria_murid (id,nisn) VALUES (NULL, NEW.nisn)
$$
DELIMITER ;

-- --------------------------------------------------------

--
-- Table structure for table `tabel_nilai_rating_kecocokan`
--

CREATE TABLE `tabel_nilai_rating_kecocokan` (
  `id_nilai` int(11) NOT NULL,
  `nisn` int(30) NOT NULL,
  `id_kriteria` int(10) NOT NULL,
  `nilai` int(10) NOT NULL
) ENGINE=InnoDB DEFAULT CHARSET=utf8mb4;

--
-- Dumping data for table `tabel_nilai_rating_kecocokan`
--

INSERT INTO `tabel_nilai_rating_kecocokan` (`id_nilai`, `nisn`, `id_kriteria`, `nilai`) VALUES
(1728, 59748494, 1, 5),
(1729, 59748494, 2, 4),
(1730, 59748494, 3, 4),
(1731, 59748494, 4, 4),
(1732, 59748494, 5, 4),
(1733, 59748494, 6, 4),
(1734, 59748494, 7, 4),
(1735, 59748494, 8, 4),
(1736, 59748494, 9, 4),
(1737, 59748494, 10, 4),
(1738, 59748494, 11, 4),
(1739, 59748494, 12, 4),
(1740, 59748494, 13, 4),
(1741, 59748494, 14, 4),
(1742, 59748494, 15, 5),
(1743, 59748494, 16, 5),
(1744, 59748494, 17, 4),
(1745, 59748494, 18, 4),
(1746, 59748494, 19, 4),
(1747, 59748494, 20, 4),
(1748, 59748494, 21, 4),
(1749, 59748494, 22, 4),
(1750, 59748494, 23, 4),
(1751, 59748494, 24, 4),
(1752, 59748494, 25, 4),
(1753, 59748494, 26, 5),
(1754, 59748494, 27, 5),
(1755, 59748494, 28, 4),
(1756, 59748494, 29, 5),
(1757, 59748494, 30, 4),
(1758, 59748494, 31, 5),
(1759, 59748494, 32, 4),
(1760, 59748494, 33, 4),
(1761, 59748494, 34, 4),
(1762, 59748494, 35, 5),
(1763, 59748494, 36, 4),
(1764, 59748494, 37, 4),
(1765, 59748494, 38, 3),
(1766, 27850493, 1, 4),
(1767, 27850493, 2, 4),
(1768, 27850493, 3, 4),
(1769, 27850493, 4, 4),
(1770, 27850493, 5, 5),
(1771, 27850493, 6, 4),
(1772, 27850493, 7, 4),
(1773, 27850493, 8, 4),
(1774, 27850493, 9, 4),
(1775, 27850493, 10, 4),
(1776, 27850493, 11, 5),
(1777, 27850493, 12, 4),
(1778, 27850493, 13, 4),
(1779, 27850493, 14, 4),
(1780, 27850493, 15, 4),
(1781, 27850493, 16, 4),
(1782, 27850493, 17, 4),
(1783, 27850493, 18, 4),
(1784, 27850493, 19, 4),
(1785, 27850493, 20, 4),
(1786, 27850493, 21, 4),
(1787, 27850493, 22, 4),
(1788, 27850493, 23, 4),
(1789, 27850493, 24, 5),
(1790, 27850493, 25, 5),
(1791, 27850493, 26, 4),
(1792, 27850493, 27, 4),
(1793, 27850493, 28, 4),
(1794, 27850493, 29, 5),
(1795, 27850493, 30, 4),
(1796, 27850493, 31, 4),
(1797, 27850493, 32, 5),
(1798, 27850493, 33, 4),
(1799, 27850493, 34, 5),
(1800, 27850493, 35, 4),
(1801, 27850493, 36, 4),
(1802, 27850493, 37, 4),
(1803, 27850493, 38, 4),
(1804, 688715555, 1, 4),
(1805, 688715555, 2, 5),
(1806, 688715555, 3, 4),
(1807, 688715555, 4, 4),
(1808, 688715555, 5, 4),
(1809, 688715555, 6, 4),
(1810, 688715555, 7, 4),
(1811, 688715555, 8, 5),
(1812, 688715555, 9, 5),
(1813, 688715555, 10, 5),
(1814, 688715555, 11, 5),
(1815, 688715555, 12, 4),
(1816, 688715555, 13, 4),
(1817, 688715555, 14, 4),
(1818, 688715555, 15, 4),
(1819, 688715555, 16, 4),
(1820, 688715555, 17, 5),
(1821, 688715555, 18, 4),
(1822, 688715555, 19, 4),
(1823, 688715555, 20, 4),
(1824, 688715555, 21, 4),
(1825, 688715555, 22, 4),
(1826, 688715555, 23, 5),
(1827, 688715555, 24, 4),
(1828, 688715555, 25, 5),
(1829, 688715555, 26, 4),
(1830, 688715555, 27, 4),
(1831, 688715555, 28, 5),
(1832, 688715555, 29, 5),
(1833, 688715555, 30, 4),
(1834, 688715555, 31, 4),
(1835, 688715555, 32, 5),
(1836, 688715555, 33, 4),
(1837, 688715555, 34, 4),
(1838, 688715555, 35, 4),
(1839, 688715555, 36, 3),
(1840, 688715555, 37, 4),
(1841, 688715555, 38, 3),
(1880, 55811838, 1, 4),
(1881, 55811838, 2, 4),
(1882, 55811838, 3, 4),
(1883, 55811838, 4, 5),
(1884, 55811838, 5, 4),
(1885, 55811838, 6, 5),
(1886, 55811838, 7, 5),
(1887, 55811838, 8, 5),
(1888, 55811838, 9, 5),
(1889, 55811838, 10, 5),
(1890, 55811838, 11, 5),
(1891, 55811838, 12, 4),
(1892, 55811838, 13, 4),
(1893, 55811838, 14, 4),
(1894, 55811838, 15, 4),
(1895, 55811838, 16, 4),
(1896, 55811838, 17, 4),
(1897, 55811838, 18, 4),
(1898, 55811838, 19, 4),
(1899, 55811838, 20, 4),
(1900, 55811838, 21, 4),
(1901, 55811838, 22, 4),
(1902, 55811838, 23, 4),
(1903, 55811838, 24, 5),
(1904, 55811838, 25, 5),
(1905, 55811838, 26, 5),
(1906, 55811838, 27, 5),
(1907, 55811838, 28, 5),
(1908, 55811838, 29, 4),
(1909, 55811838, 30, 4),
(1910, 55811838, 31, 4),
(1911, 55811838, 32, 5),
(1912, 55811838, 33, 5),
(1913, 55811838, 34, 4),
(1914, 55811838, 35, 5),
(1915, 55811838, 36, 4),
(1916, 55811838, 37, 3),
(1917, 55811838, 38, 4),
(1918, 58653752, 1, 4),
(1919, 58653752, 2, 4),
(1920, 58653752, 3, 4),
(1921, 58653752, 4, 5),
(1922, 58653752, 5, 4),
(1923, 58653752, 6, 4),
(1924, 58653752, 7, 4),
(1925, 58653752, 8, 4),
(1926, 58653752, 9, 4),
(1927, 58653752, 10, 4),
(1928, 58653752, 11, 5),
(1929, 58653752, 12, 4),
(1930, 58653752, 13, 4),
(1931, 58653752, 14, 4),
(1932, 58653752, 15, 4),
(1933, 58653752, 16, 4),
(1934, 58653752, 17, 4),
(1935, 58653752, 18, 4),
(1936, 58653752, 19, 4),
(1937, 58653752, 20, 4),
(1938, 58653752, 21, 4),
(1939, 58653752, 22, 4),
(1940, 58653752, 23, 4),
(1941, 58653752, 24, 4),
(1942, 58653752, 25, 4),
(1943, 58653752, 26, 4),
(1944, 58653752, 27, 4),
(1945, 58653752, 28, 4),
(1946, 58653752, 29, 4),
(1947, 58653752, 30, 5),
(1948, 58653752, 31, 4),
(1949, 58653752, 32, 4),
(1950, 58653752, 33, 4),
(1951, 58653752, 34, 4),
(1952, 58653752, 35, 4),
(1953, 58653752, 36, 4),
(1954, 58653752, 37, 3),
(1955, 58653752, 38, 4),
(1956, 38826373, 1, 4),
(1957, 38826373, 2, 4),
(1958, 38826373, 3, 4),
(1959, 38826373, 4, 4),
(1960, 38826373, 5, 4),
(1961, 38826373, 6, 4),
(1962, 38826373, 7, 4),
(1963, 38826373, 8, 4),
(1964, 38826373, 9, 5),
(1965, 38826373, 10, 5),
(1966, 38826373, 11, 5),
(1967, 38826373, 12, 5),
(1968, 38826373, 13, 5),
(1969, 38826373, 14, 4),
(1970, 38826373, 15, 4),
(1971, 38826373, 16, 5),
(1972, 38826373, 17, 4),
(1973, 38826373, 18, 4),
(1974, 38826373, 19, 4),
(1975, 38826373, 20, 4),
(1976, 38826373, 21, 4),
(1977, 38826373, 22, 4),
(1978, 38826373, 23, 4),
(1979, 38826373, 24, 4),
(1980, 38826373, 25, 4),
(1981, 38826373, 26, 4),
(1982, 38826373, 27, 4),
(1983, 38826373, 28, 5),
(1984, 38826373, 29, 5),
(1985, 38826373, 30, 4),
(1986, 38826373, 31, 4),
(1987, 38826373, 32, 4),
(1988, 38826373, 33, 4),
(1989, 38826373, 34, 4),
(1990, 38826373, 35, 4),
(1991, 38826373, 36, 4),
(1992, 38826373, 37, 3),
(1993, 38826373, 38, 4),
(1994, 62502672, 1, 4),
(1995, 62502672, 2, 4),
(1996, 62502672, 3, 4),
(1997, 62502672, 4, 4),
(1998, 62502672, 5, 4),
(1999, 62502672, 6, 4),
(2000, 62502672, 7, 4),
(2001, 62502672, 8, 4),
(2002, 62502672, 9, 4),
(2003, 62502672, 10, 4),
(2004, 62502672, 11, 4),
(2005, 62502672, 12, 4),
(2006, 62502672, 13, 4),
(2007, 62502672, 14, 4),
(2008, 62502672, 15, 4),
(2009, 62502672, 16, 4),
(2010, 62502672, 17, 4),
(2011, 62502672, 18, 4),
(2012, 62502672, 19, 4),
(2013, 62502672, 20, 4),
(2014, 62502672, 21, 4),
(2015, 62502672, 22, 4),
(2016, 62502672, 23, 4),
(2017, 62502672, 24, 4),
(2018, 62502672, 25, 4),
(2019, 62502672, 26, 5),
(2020, 62502672, 27, 5),
(2021, 62502672, 28, 5),
(2022, 62502672, 29, 5),
(2023, 62502672, 30, 4),
(2024, 62502672, 31, 4),
(2025, 62502672, 32, 4),
(2026, 62502672, 33, 4),
(2027, 62502672, 34, 4),
(2028, 62502672, 35, 5),
(2029, 62502672, 36, 3),
(2030, 62502672, 37, 4),
(2031, 62502672, 38, 4),
(2032, 59532725, 1, 5),
(2033, 59532725, 2, 4),
(2034, 59532725, 3, 4),
(2035, 59532725, 4, 4),
(2036, 59532725, 5, 5),
(2037, 59532725, 6, 4),
(2038, 59532725, 7, 4),
(2039, 59532725, 8, 4),
(2040, 59532725, 9, 4),
(2041, 59532725, 10, 4),
(2042, 59532725, 11, 4),
(2043, 59532725, 12, 4),
(2044, 59532725, 13, 4),
(2045, 59532725, 14, 4),
(2046, 59532725, 15, 5),
(2047, 59532725, 16, 5),
(2048, 59532725, 17, 4),
(2049, 59532725, 18, 4),
(2050, 59532725, 19, 4),
(2051, 59532725, 20, 4),
(2052, 59532725, 21, 4),
(2053, 59532725, 22, 4),
(2054, 59532725, 23, 4),
(2055, 59532725, 24, 4),
(2056, 59532725, 25, 5),
(2057, 59532725, 26, 4),
(2058, 59532725, 27, 4),
(2059, 59532725, 28, 4),
(2060, 59532725, 29, 4),
(2061, 59532725, 30, 5),
(2062, 59532725, 31, 4),
(2063, 59532725, 32, 4),
(2064, 59532725, 33, 4),
(2065, 59532725, 34, 4),
(2066, 59532725, 35, 4),
(2067, 59532725, 36, 4),
(2068, 59532725, 37, 4),
(2069, 59532725, 38, 4),
(2070, 44858940, 1, 4),
(2071, 44858940, 2, 4),
(2072, 44858940, 3, 4),
(2073, 44858940, 4, 4),
(2074, 44858940, 5, 4),
(2075, 44858940, 6, 4),
(2076, 44858940, 7, 4),
(2077, 44858940, 8, 4),
(2078, 44858940, 9, 4),
(2079, 44858940, 10, 4),
(2080, 44858940, 11, 5),
(2081, 44858940, 12, 4),
(2082, 44858940, 13, 4),
(2083, 44858940, 14, 4),
(2084, 44858940, 15, 4),
(2085, 44858940, 16, 4),
(2086, 44858940, 17, 4),
(2087, 44858940, 18, 4),
(2088, 44858940, 19, 4),
(2089, 44858940, 20, 4),
(2090, 44858940, 21, 4),
(2091, 44858940, 22, 4),
(2092, 44858940, 23, 5),
(2093, 44858940, 24, 4),
(2094, 44858940, 25, 4),
(2095, 44858940, 26, 5),
(2096, 44858940, 27, 5),
(2097, 44858940, 28, 4),
(2098, 44858940, 29, 5),
(2099, 44858940, 30, 4),
(2100, 44858940, 31, 4),
(2101, 44858940, 32, 4),
(2102, 44858940, 33, 4),
(2103, 44858940, 34, 4),
(2104, 44858940, 35, 4),
(2105, 44858940, 36, 4),
(2106, 44858940, 37, 4),
(2107, 44858940, 38, 4),
(2108, 69857938, 1, 4),
(2109, 69857938, 2, 5),
(2110, 69857938, 3, 4),
(2111, 69857938, 4, 5),
(2112, 69857938, 5, 4),
(2113, 69857938, 6, 4),
(2114, 69857938, 7, 4),
(2115, 69857938, 8, 4),
(2116, 69857938, 9, 4),
(2117, 69857938, 10, 4),
(2118, 69857938, 11, 5),
(2119, 69857938, 12, 4),
(2120, 69857938, 13, 4),
(2121, 69857938, 14, 4),
(2122, 69857938, 15, 4),
(2123, 69857938, 16, 4),
(2124, 69857938, 17, 4),
(2125, 69857938, 18, 4),
(2126, 69857938, 19, 4),
(2127, 69857938, 20, 4),
(2128, 69857938, 21, 4),
(2129, 69857938, 22, 4),
(2130, 69857938, 23, 4),
(2131, 69857938, 24, 4),
(2132, 69857938, 25, 5),
(2133, 69857938, 26, 4),
(2134, 69857938, 27, 5),
(2135, 69857938, 28, 5),
(2136, 69857938, 29, 5),
(2137, 69857938, 30, 5),
(2138, 69857938, 31, 5),
(2139, 69857938, 32, 4),
(2140, 69857938, 33, 5),
(2141, 69857938, 34, 4),
(2142, 69857938, 35, 5),
(2143, 69857938, 36, 4),
(2144, 69857938, 37, 3),
(2145, 69857938, 38, 4),
(2146, 78563056, 1, 4),
(2147, 78563056, 2, 4),
(2148, 78563056, 3, 4),
(2149, 78563056, 4, 4),
(2150, 78563056, 5, 4),
(2151, 78563056, 6, 4),
(2152, 78563056, 7, 4),
(2153, 78563056, 8, 4),
(2154, 78563056, 9, 4),
(2155, 78563056, 10, 4),
(2156, 78563056, 11, 4),
(2157, 78563056, 12, 4),
(2158, 78563056, 13, 4),
(2159, 78563056, 14, 4),
(2160, 78563056, 15, 4),
(2161, 78563056, 16, 4),
(2162, 78563056, 17, 5),
(2163, 78563056, 18, 3),
(2164, 78563056, 19, 5),
(2165, 78563056, 20, 4),
(2166, 78563056, 21, 4),
(2167, 78563056, 22, 4),
(2168, 78563056, 23, 4),
(2169, 78563056, 24, 4),
(2170, 78563056, 25, 4),
(2171, 78563056, 26, 5),
(2172, 78563056, 27, 5),
(2173, 78563056, 28, 5),
(2174, 78563056, 29, 4),
(2175, 78563056, 30, 4),
(2176, 78563056, 31, 4),
(2177, 78563056, 32, 4),
(2178, 78563056, 33, 4),
(2179, 78563056, 34, 5),
(2180, 78563056, 35, 4),
(2181, 78563056, 36, 4),
(2182, 78563056, 37, 4),
(2183, 78563056, 38, 4),
(2184, 52918620, 1, 4),
(2185, 52918620, 2, 4),
(2186, 52918620, 3, 4),
(2187, 52918620, 4, 5),
(2188, 52918620, 5, 5),
(2189, 52918620, 6, 4),
(2190, 52918620, 7, 4),
(2191, 52918620, 8, 4),
(2192, 52918620, 9, 5),
(2193, 52918620, 10, 4),
(2194, 52918620, 11, 4),
(2195, 52918620, 12, 4),
(2196, 52918620, 13, 4),
(2197, 52918620, 14, 4),
(2198, 52918620, 15, 4),
(2199, 52918620, 16, 4),
(2200, 52918620, 17, 4),
(2201, 52918620, 18, 4),
(2202, 52918620, 19, 5),
(2203, 52918620, 20, 4),
(2204, 52918620, 21, 4),
(2205, 52918620, 22, 4),
(2206, 52918620, 23, 5),
(2207, 52918620, 24, 4),
(2208, 52918620, 25, 4),
(2209, 52918620, 26, 4),
(2210, 52918620, 27, 5),
(2211, 52918620, 28, 5),
(2212, 52918620, 29, 5),
(2213, 52918620, 30, 4),
(2214, 52918620, 31, 4),
(2215, 52918620, 32, 4),
(2216, 52918620, 33, 5),
(2217, 52918620, 34, 5),
(2218, 52918620, 35, 5),
(2219, 52918620, 36, 4),
(2220, 52918620, 37, 3),
(2221, 52918620, 38, 4),
(2222, 50899406, 1, 5),
(2223, 50899406, 2, 4),
(2224, 50899406, 3, 4),
(2225, 50899406, 4, 4),
(2226, 50899406, 5, 4),
(2227, 50899406, 6, 5),
(2228, 50899406, 7, 5),
(2229, 50899406, 8, 5),
(2230, 50899406, 9, 4),
(2231, 50899406, 10, 5),
(2232, 50899406, 11, 4),
(2233, 50899406, 12, 4),
(2234, 50899406, 13, 4),
(2235, 50899406, 14, 5),
(2236, 50899406, 15, 5),
(2237, 50899406, 16, 5),
(2238, 50899406, 17, 5),
(2239, 50899406, 18, 4),
(2240, 50899406, 19, 4),
(2241, 50899406, 20, 4),
(2242, 50899406, 21, 5),
(2243, 50899406, 22, 4),
(2244, 50899406, 23, 4),
(2245, 50899406, 24, 5),
(2246, 50899406, 25, 5),
(2247, 50899406, 26, 1),
(2248, 50899406, 27, 4),
(2249, 50899406, 28, 4),
(2250, 50899406, 29, 5),
(2251, 50899406, 30, 4),
(2252, 50899406, 31, 4),
(2253, 50899406, 32, 5),
(2254, 50899406, 33, 5),
(2255, 50899406, 34, 5),
(2256, 50899406, 35, 5),
(2257, 50899406, 36, 3),
(2258, 50899406, 37, 4),
(2259, 50899406, 38, 4),
(2260, 66066731, 1, 4),
(2261, 66066731, 2, 4),
(2262, 66066731, 3, 5),
(2263, 66066731, 4, 4),
(2264, 66066731, 5, 4),
(2265, 66066731, 6, 5),
(2266, 66066731, 7, 5),
(2267, 66066731, 8, 5),
(2268, 66066731, 9, 5),
(2269, 66066731, 10, 5),
(2270, 66066731, 11, 5),
(2271, 66066731, 12, 5),
(2272, 66066731, 13, 4),
(2273, 66066731, 14, 4),
(2274, 66066731, 15, 4),
(2275, 66066731, 16, 5),
(2276, 66066731, 17, 4),
(2277, 66066731, 18, 4),
(2278, 66066731, 19, 4),
(2279, 66066731, 20, 5),
(2280, 66066731, 21, 4),
(2281, 66066731, 22, 5),
(2282, 66066731, 23, 5),
(2283, 66066731, 24, 4),
(2284, 66066731, 25, 5),
(2285, 66066731, 26, 5),
(2286, 66066731, 27, 5),
(2287, 66066731, 28, 5),
(2288, 66066731, 29, 4),
(2289, 66066731, 30, 5),
(2290, 66066731, 31, 4),
(2291, 66066731, 32, 5),
(2292, 66066731, 33, 5),
(2293, 66066731, 34, 5),
(2294, 66066731, 35, 5),
(2295, 66066731, 36, 3),
(2296, 66066731, 37, 4),
(2297, 66066731, 38, 3),
(2298, 57896323, 1, 4),
(2299, 57896323, 2, 4),
(2300, 57896323, 3, 3),
(2301, 57896323, 4, 5),
(2302, 57896323, 5, 5),
(2303, 57896323, 6, 4),
(2304, 57896323, 7, 5),
(2305, 57896323, 8, 5),
(2306, 57896323, 9, 4),
(2307, 57896323, 10, 5),
(2308, 57896323, 11, 5),
(2309, 57896323, 12, 4),
(2310, 57896323, 13, 4),
(2311, 57896323, 14, 4),
(2312, 57896323, 15, 4),
(2313, 57896323, 16, 4),
(2314, 57896323, 17, 5),
(2315, 57896323, 18, 4),
(2316, 57896323, 19, 5),
(2317, 57896323, 20, 5),
(2318, 57896323, 21, 5),
(2319, 57896323, 22, 4),
(2320, 57896323, 23, 5),
(2321, 57896323, 24, 4),
(2322, 57896323, 25, 4),
(2323, 57896323, 26, 5),
(2324, 57896323, 27, 4),
(2325, 57896323, 28, 4),
(2326, 57896323, 29, 4),
(2327, 57896323, 30, 4),
(2328, 57896323, 31, 5),
(2329, 57896323, 32, 4),
(2330, 57896323, 33, 5),
(2331, 57896323, 34, 5),
(2332, 57896323, 35, 5),
(2333, 57896323, 36, 4),
(2334, 57896323, 37, 4),
(2335, 57896323, 38, 4),
(2336, 68996124, 1, 4),
(2337, 68996124, 2, 4),
(2338, 68996124, 3, 4),
(2339, 68996124, 4, 4),
(2340, 68996124, 5, 4),
(2341, 68996124, 6, 5),
(2342, 68996124, 7, 4),
(2343, 68996124, 8, 5),
(2344, 68996124, 9, 4),
(2345, 68996124, 10, 5),
(2346, 68996124, 11, 4),
(2347, 68996124, 12, 4),
(2348, 68996124, 13, 4),
(2349, 68996124, 14, 4),
(2350, 68996124, 15, 4),
(2351, 68996124, 16, 4),
(2352, 68996124, 17, 4),
(2353, 68996124, 18, 4),
(2354, 68996124, 19, 4),
(2355, 68996124, 20, 5),
(2356, 68996124, 21, 5),
(2357, 68996124, 22, 4),
(2358, 68996124, 23, 4),
(2359, 68996124, 24, 5),
(2360, 68996124, 25, 5),
(2361, 68996124, 26, 4),
(2362, 68996124, 27, 4),
(2363, 68996124, 28, 5),
(2364, 68996124, 29, 5),
(2365, 68996124, 30, 5),
(2366, 68996124, 31, 5),
(2367, 68996124, 32, 4),
(2368, 68996124, 33, 4),
(2369, 68996124, 34, 4),
(2370, 68996124, 35, 4),
(2371, 68996124, 36, 3),
(2372, 68996124, 37, 4),
(2373, 68996124, 38, 4),
(2374, 38431124, 1, 4),
(2375, 38431124, 2, 4),
(2376, 38431124, 3, 4),
(2377, 38431124, 4, 5),
(2378, 38431124, 5, 4),
(2379, 38431124, 6, 4),
(2380, 38431124, 7, 4),
(2381, 38431124, 8, 4),
(2382, 38431124, 9, 4),
(2383, 38431124, 10, 5),
(2384, 38431124, 11, 4),
(2385, 38431124, 12, 4),
(2386, 38431124, 13, 4),
(2387, 38431124, 14, 4),
(2388, 38431124, 15, 4),
(2389, 38431124, 16, 4),
(2390, 38431124, 17, 4),
(2391, 38431124, 18, 4),
(2392, 38431124, 19, 4),
(2393, 38431124, 20, 4),
(2394, 38431124, 21, 4),
(2395, 38431124, 22, 5),
(2396, 38431124, 23, 5),
(2397, 38431124, 24, 4),
(2398, 38431124, 25, 4),
(2399, 38431124, 26, 5),
(2400, 38431124, 27, 5),
(2401, 38431124, 28, 5),
(2402, 38431124, 29, 4),
(2403, 38431124, 30, 4),
(2404, 38431124, 31, 4),
(2405, 38431124, 32, 4),
(2406, 38431124, 33, 4),
(2407, 38431124, 34, 4),
(2408, 38431124, 35, 5),
(2409, 38431124, 36, 3),
(2410, 38431124, 37, 3),
(2411, 38431124, 38, 3),
(2412, 66413834, 1, 5),
(2413, 66413834, 2, 4),
(2414, 66413834, 3, 5),
(2415, 66413834, 4, 4),
(2416, 66413834, 5, 5),
(2417, 66413834, 6, 5),
(2418, 66413834, 7, 4),
(2419, 66413834, 8, 4),
(2420, 66413834, 9, 4),
(2421, 66413834, 10, 4),
(2422, 66413834, 11, 4),
(2423, 66413834, 12, 4),
(2424, 66413834, 13, 4),
(2425, 66413834, 14, 4),
(2426, 66413834, 15, 5),
(2427, 66413834, 16, 4),
(2428, 66413834, 17, 4),
(2429, 66413834, 18, 4),
(2430, 66413834, 19, 5),
(2431, 66413834, 20, 5),
(2432, 66413834, 21, 5),
(2433, 66413834, 22, 5),
(2434, 66413834, 23, 5),
(2435, 66413834, 24, 5),
(2436, 66413834, 25, 5),
(2437, 66413834, 26, 5),
(2438, 66413834, 27, 5),
(2439, 66413834, 28, 5),
(2440, 66413834, 29, 4),
(2441, 66413834, 30, 4),
(2442, 66413834, 31, 4),
(2443, 66413834, 32, 4),
(2444, 66413834, 33, 4),
(2445, 66413834, 34, 5),
(2446, 66413834, 35, 5),
(2447, 66413834, 36, 3),
(2448, 66413834, 37, 3),
(2449, 66413834, 38, 4),
(2450, 62978525, 1, 5),
(2451, 62978525, 2, 4),
(2452, 62978525, 3, 4),
(2453, 62978525, 4, 4),
(2454, 62978525, 5, 5),
(2455, 62978525, 6, 4),
(2456, 62978525, 7, 5),
(2457, 62978525, 8, 4),
(2458, 62978525, 9, 4),
(2459, 62978525, 10, 5),
(2460, 62978525, 11, 5),
(2461, 62978525, 12, 4),
(2462, 62978525, 13, 5),
(2463, 62978525, 14, 5),
(2464, 62978525, 15, 5),
(2465, 62978525, 16, 5),
(2466, 62978525, 17, 4),
(2467, 62978525, 18, 4),
(2468, 62978525, 19, 4),
(2469, 62978525, 20, 5),
(2470, 62978525, 21, 5),
(2471, 62978525, 22, 5),
(2472, 62978525, 23, 5),
(2473, 62978525, 24, 4),
(2474, 62978525, 25, 4),
(2475, 62978525, 26, 4),
(2476, 62978525, 27, 4),
(2477, 62978525, 28, 5),
(2478, 62978525, 29, 5),
(2479, 62978525, 30, 5),
(2480, 62978525, 31, 4),
(2481, 62978525, 32, 4),
(2482, 62978525, 33, 5),
(2483, 62978525, 34, 4),
(2484, 62978525, 35, 4),
(2485, 62978525, 36, 4),
(2486, 62978525, 37, 4),
(2487, 62978525, 38, 4),
(2488, 53658591, 1, 5),
(2489, 53658591, 2, 4),
(2490, 53658591, 3, 4),
(2491, 53658591, 4, 5),
(2492, 53658591, 5, 4),
(2493, 53658591, 6, 5),
(2494, 53658591, 7, 5),
(2495, 53658591, 8, 5),
(2496, 53658591, 9, 5),
(2497, 53658591, 10, 5),
(2498, 53658591, 11, 4),
(2499, 53658591, 12, 4),
(2500, 53658591, 13, 4),
(2501, 53658591, 14, 4),
(2502, 53658591, 15, 5),
(2503, 53658591, 16, 5),
(2504, 53658591, 17, 5),
(2505, 53658591, 18, 4),
(2506, 53658591, 19, 4),
(2507, 53658591, 20, 4),
(2508, 53658591, 21, 5),
(2509, 53658591, 22, 5),
(2510, 53658591, 23, 4),
(2511, 53658591, 24, 5),
(2512, 53658591, 25, 5),
(2513, 53658591, 26, 5),
(2514, 53658591, 27, 4),
(2515, 53658591, 28, 4),
(2516, 53658591, 29, 5),
(2517, 53658591, 30, 4),
(2518, 53658591, 31, 4),
(2519, 53658591, 32, 4),
(2520, 53658591, 33, 4),
(2521, 53658591, 34, 4),
(2522, 53658591, 35, 4),
(2523, 53658591, 36, 3),
(2524, 53658591, 37, 4),
(2525, 53658591, 38, 3),
(2526, 67460864, 1, 4),
(2527, 67460864, 2, 4),
(2528, 67460864, 3, 5),
(2529, 67460864, 4, 4),
(2530, 67460864, 5, 4),
(2531, 67460864, 6, 4),
(2532, 67460864, 7, 5),
(2533, 67460864, 8, 5),
(2534, 67460864, 9, 5),
(2535, 67460864, 10, 5),
(2536, 67460864, 11, 5),
(2537, 67460864, 12, 5),
(2538, 67460864, 13, 4),
(2539, 67460864, 14, 4),
(2540, 67460864, 15, 4),
(2541, 67460864, 16, 4),
(2542, 67460864, 17, 4),
(2543, 67460864, 18, 4),
(2544, 67460864, 19, 4),
(2545, 67460864, 20, 4),
(2546, 67460864, 21, 4),
(2547, 67460864, 22, 4),
(2548, 67460864, 23, 4),
(2549, 67460864, 24, 4),
(2550, 67460864, 25, 4),
(2551, 67460864, 26, 4),
(2552, 67460864, 27, 5),
(2553, 67460864, 28, 5),
(2554, 67460864, 29, 5),
(2555, 67460864, 30, 5),
(2556, 67460864, 31, 5),
(2557, 67460864, 32, 5),
(2558, 67460864, 33, 5),
(2559, 67460864, 34, 5),
(2560, 67460864, 35, 5),
(2561, 67460864, 36, 3),
(2562, 67460864, 37, 4),
(2563, 67460864, 38, 4),
(2564, 42927529, 1, 4),
(2565, 42927529, 2, 4),
(2566, 42927529, 3, 4),
(2567, 42927529, 4, 5),
(2568, 42927529, 5, 5),
(2569, 42927529, 6, 4),
(2570, 42927529, 7, 4),
(2571, 42927529, 8, 5),
(2572, 42927529, 9, 4),
(2573, 42927529, 10, 4),
(2574, 42927529, 11, 5),
(2575, 42927529, 12, 4),
(2576, 42927529, 13, 5),
(2577, 42927529, 14, 4),
(2578, 42927529, 15, 4),
(2579, 42927529, 16, 4),
(2580, 42927529, 17, 5),
(2581, 42927529, 18, 5),
(2582, 42927529, 19, 5),
(2583, 42927529, 20, 4),
(2584, 42927529, 21, 4),
(2585, 42927529, 22, 4),
(2586, 42927529, 23, 4),
(2587, 42927529, 24, 4),
(2588, 42927529, 25, 4),
(2589, 42927529, 26, 5),
(2590, 42927529, 27, 5),
(2591, 42927529, 28, 5),
(2592, 42927529, 29, 5),
(2593, 42927529, 30, 4),
(2594, 42927529, 31, 4),
(2595, 42927529, 32, 5),
(2596, 42927529, 33, 4),
(2597, 42927529, 34, 4),
(2598, 42927529, 35, 4),
(2599, 42927529, 36, 4),
(2600, 42927529, 37, 4),
(2601, 42927529, 38, 3),
(2602, 54230063, 1, 4),
(2603, 54230063, 2, 4),
(2604, 54230063, 3, 4),
(2605, 54230063, 4, 5),
(2606, 54230063, 5, 4),
(2607, 54230063, 6, 4),
(2608, 54230063, 7, 4),
(2609, 54230063, 8, 4),
(2610, 54230063, 9, 5),
(2611, 54230063, 10, 4),
(2612, 54230063, 11, 4),
(2613, 54230063, 12, 4),
(2614, 54230063, 13, 5),
(2615, 54230063, 14, 4),
(2616, 54230063, 15, 4),
(2617, 54230063, 16, 5),
(2618, 54230063, 17, 5),
(2619, 54230063, 18, 4),
(2620, 54230063, 19, 4),
(2621, 54230063, 20, 4),
(2622, 54230063, 21, 4),
(2623, 54230063, 22, 4),
(2624, 54230063, 23, 4),
(2625, 54230063, 24, 4),
(2626, 54230063, 25, 5),
(2627, 54230063, 26, 4),
(2628, 54230063, 27, 4),
(2629, 54230063, 28, 5),
(2630, 54230063, 29, 4),
(2631, 54230063, 30, 4),
(2632, 54230063, 31, 4),
(2633, 54230063, 32, 5),
(2634, 54230063, 33, 4),
(2635, 54230063, 34, 5),
(2636, 54230063, 35, 5),
(2637, 54230063, 36, 3),
(2638, 54230063, 37, 3),
(2639, 54230063, 38, 4),
(2640, 67547785, 1, 4),
(2641, 67547785, 2, 4),
(2642, 67547785, 3, 4),
(2643, 67547785, 4, 4),
(2644, 67547785, 5, 3),
(2645, 67547785, 6, 4),
(2646, 67547785, 7, 4),
(2647, 67547785, 8, 4),
(2648, 67547785, 9, 4),
(2649, 67547785, 10, 4),
(2650, 67547785, 11, 4),
(2651, 67547785, 12, 4),
(2652, 67547785, 13, 4),
(2653, 67547785, 14, 4),
(2654, 67547785, 15, 4),
(2655, 67547785, 16, 4),
(2656, 67547785, 17, 4),
(2657, 67547785, 18, 4),
(2658, 67547785, 19, 4),
(2659, 67547785, 20, 4),
(2660, 67547785, 21, 4),
(2661, 67547785, 22, 4),
(2662, 67547785, 23, 4),
(2663, 67547785, 24, 4),
(2664, 67547785, 25, 4),
(2665, 67547785, 26, 4),
(2666, 67547785, 27, 4),
(2667, 67547785, 28, 5),
(2668, 67547785, 29, 4),
(2669, 67547785, 30, 5),
(2670, 67547785, 31, 5),
(2671, 67547785, 32, 5),
(2672, 67547785, 33, 5),
(2673, 67547785, 34, 5),
(2674, 67547785, 35, 4),
(2675, 67547785, 36, 3),
(2676, 67547785, 37, 4),
(2677, 67547785, 38, 3),
(2678, 51885116, 1, 5),
(2679, 51885116, 2, 4),
(2680, 51885116, 3, 4),
(2681, 51885116, 4, 4),
(2682, 51885116, 5, 4),
(2683, 51885116, 6, 4),
(2684, 51885116, 7, 4),
(2685, 51885116, 8, 4),
(2686, 51885116, 9, 4),
(2687, 51885116, 10, 4),
(2688, 51885116, 11, 4),
(2689, 51885116, 12, 4),
(2690, 51885116, 13, 4),
(2691, 51885116, 14, 5),
(2692, 51885116, 15, 5),
(2693, 51885116, 16, 5),
(2694, 51885116, 17, 5),
(2695, 51885116, 18, 4),
(2696, 51885116, 19, 4),
(2697, 51885116, 20, 4),
(2698, 51885116, 21, 4),
(2699, 51885116, 22, 4),
(2700, 51885116, 23, 4),
(2701, 51885116, 24, 4),
(2702, 51885116, 25, 4),
(2703, 51885116, 26, 4),
(2704, 51885116, 27, 5),
(2705, 51885116, 28, 5),
(2706, 51885116, 29, 5),
(2707, 51885116, 30, 5),
(2708, 51885116, 31, 4),
(2709, 51885116, 32, 5),
(2710, 51885116, 33, 5),
(2711, 51885116, 34, 5),
(2712, 51885116, 35, 5),
(2713, 51885116, 36, 3),
(2714, 51885116, 37, 4),
(2715, 51885116, 38, 4),
(2716, 65275046, 1, 4),
(2717, 65275046, 2, 4),
(2718, 65275046, 3, 4),
(2719, 65275046, 4, 4),
(2720, 65275046, 5, 5),
(2721, 65275046, 6, 5),
(2722, 65275046, 7, 4),
(2723, 65275046, 8, 4),
(2724, 65275046, 9, 4),
(2725, 65275046, 10, 4),
(2726, 65275046, 11, 4),
(2727, 65275046, 12, 5),
(2728, 65275046, 13, 4),
(2729, 65275046, 14, 4),
(2730, 65275046, 15, 4),
(2731, 65275046, 16, 4),
(2732, 65275046, 17, 4),
(2733, 65275046, 18, 4),
(2734, 65275046, 19, 4),
(2735, 65275046, 20, 4),
(2736, 65275046, 21, 4),
(2737, 65275046, 22, 4),
(2738, 65275046, 23, 5),
(2739, 65275046, 24, 5),
(2740, 65275046, 25, 4),
(2741, 65275046, 26, 4),
(2742, 65275046, 27, 4),
(2743, 65275046, 28, 4),
(2744, 65275046, 29, 4),
(2745, 65275046, 30, 4),
(2746, 65275046, 31, 4),
(2747, 65275046, 32, 4),
(2748, 65275046, 33, 4),
(2749, 65275046, 34, 4),
(2750, 65275046, 35, 4),
(2751, 65275046, 36, 3),
(2752, 65275046, 37, 4),
(2753, 65275046, 38, 4),
(2754, 61960944, 1, 4),
(2755, 61960944, 2, 4),
(2756, 61960944, 3, 4),
(2757, 61960944, 4, 4),
(2758, 61960944, 5, 4),
(2759, 61960944, 6, 4),
(2760, 61960944, 7, 4),
(2761, 61960944, 8, 5),
(2762, 61960944, 9, 4),
(2763, 61960944, 10, 4),
(2764, 61960944, 11, 4),
(2765, 61960944, 12, 5),
(2766, 61960944, 13, 4),
(2767, 61960944, 14, 4),
(2768, 61960944, 15, 4),
(2769, 61960944, 16, 5),
(2770, 61960944, 17, 5),
(2771, 61960944, 18, 4),
(2772, 61960944, 19, 5),
(2773, 61960944, 20, 5),
(2774, 61960944, 21, 4),
(2775, 61960944, 22, 5),
(2776, 61960944, 23, 4),
(2777, 61960944, 24, 5),
(2778, 61960944, 25, 5),
(2779, 61960944, 26, 4),
(2780, 61960944, 27, 5),
(2781, 61960944, 28, 5),
(2782, 61960944, 29, 4),
(2783, 61960944, 30, 5),
(2784, 61960944, 31, 4),
(2785, 61960944, 32, 4),
(2786, 61960944, 33, 4),
(2787, 61960944, 34, 5),
(2788, 61960944, 35, 5),
(2789, 61960944, 36, 4),
(2790, 61960944, 37, 3),
(2791, 61960944, 38, 4),
(2792, 34429887, 1, 5),
(2793, 34429887, 2, 5),
(2794, 34429887, 3, 4),
(2795, 34429887, 4, 4),
(2796, 34429887, 5, 5),
(2797, 34429887, 6, 4),
(2798, 34429887, 7, 4),
(2799, 34429887, 8, 5),
(2800, 34429887, 9, 5),
(2801, 34429887, 10, 5),
(2802, 34429887, 11, 5),
(2803, 34429887, 12, 4),
(2804, 34429887, 13, 5),
(2805, 34429887, 14, 5),
(2806, 34429887, 15, 5),
(2807, 34429887, 16, 4),
(2808, 34429887, 17, 4),
(2809, 34429887, 18, 4),
(2810, 34429887, 19, 5),
(2811, 34429887, 20, 5),
(2812, 34429887, 21, 5),
(2813, 34429887, 22, 4),
(2814, 34429887, 23, 5),
(2815, 34429887, 24, 5),
(2816, 34429887, 25, 5),
(2817, 34429887, 26, 5),
(2818, 34429887, 27, 5),
(2819, 34429887, 28, 5),
(2820, 34429887, 29, 4),
(2821, 34429887, 30, 4),
(2822, 34429887, 31, 4),
(2823, 34429887, 32, 4),
(2824, 34429887, 33, 4),
(2825, 34429887, 34, 5),
(2826, 34429887, 35, 5),
(2827, 34429887, 36, 3),
(2828, 34429887, 37, 4),
(2829, 34429887, 38, 4),
(2830, 30415089, 1, 4),
(2831, 30415089, 2, 4),
(2832, 30415089, 3, 4),
(2833, 30415089, 4, 4),
(2834, 30415089, 5, 4),
(2835, 30415089, 6, 4),
(2836, 30415089, 7, 4),
(2837, 30415089, 8, 4),
(2838, 30415089, 9, 4),
(2839, 30415089, 10, 4),
(2840, 30415089, 11, 4),
(2841, 30415089, 12, 4),
(2842, 30415089, 13, 5),
(2843, 30415089, 14, 5),
(2844, 30415089, 15, 4),
(2845, 30415089, 16, 4),
(2846, 30415089, 17, 5),
(2847, 30415089, 18, 4),
(2848, 30415089, 19, 4),
(2849, 30415089, 20, 4),
(2850, 30415089, 21, 4),
(2851, 30415089, 22, 4),
(2852, 30415089, 23, 4),
(2853, 30415089, 24, 4),
(2854, 30415089, 25, 4),
(2855, 30415089, 26, 5),
(2856, 30415089, 27, 5),
(2857, 30415089, 28, 5),
(2858, 30415089, 29, 4),
(2859, 30415089, 30, 5),
(2860, 30415089, 31, 4),
(2861, 30415089, 32, 5),
(2862, 30415089, 33, 5),
(2863, 30415089, 34, 5),
(2864, 30415089, 35, 5),
(2865, 30415089, 36, 3),
(2866, 30415089, 37, 4),
(2867, 30415089, 38, 3),
(2868, 64559438, 1, 5),
(2869, 64559438, 2, 4),
(2870, 64559438, 3, 4),
(2871, 64559438, 4, 5),
(2872, 64559438, 5, 4),
(2873, 64559438, 6, 4),
(2874, 64559438, 7, 5),
(2875, 64559438, 8, 5),
(2876, 64559438, 9, 5),
(2877, 64559438, 10, 4),
(2878, 64559438, 11, 4),
(2879, 64559438, 12, 4),
(2880, 64559438, 13, 5),
(2881, 64559438, 14, 5),
(2882, 64559438, 15, 5),
(2883, 64559438, 16, 4),
(2884, 64559438, 17, 4),
(2885, 64559438, 18, 4),
(2886, 64559438, 19, 4),
(2887, 64559438, 20, 4),
(2888, 64559438, 21, 4),
(2889, 64559438, 22, 4),
(2890, 64559438, 23, 5),
(2891, 64559438, 24, 4),
(2892, 64559438, 25, 4),
(2893, 64559438, 26, 5),
(2894, 64559438, 27, 5),
(2895, 64559438, 28, 5),
(2896, 64559438, 29, 4),
(2897, 64559438, 30, 4),
(2898, 64559438, 31, 4),
(2899, 64559438, 32, 4),
(2900, 64559438, 33, 5),
(2901, 64559438, 34, 5),
(2902, 64559438, 35, 5),
(2903, 64559438, 36, 4),
(2904, 64559438, 37, 4),
(2905, 64559438, 38, 4),
(2906, 50899412, 1, 5),
(2907, 50899412, 2, 4),
(2908, 50899412, 3, 4),
(2909, 50899412, 4, 5),
(2910, 50899412, 5, 5),
(2911, 50899412, 6, 4),
(2912, 50899412, 7, 4),
(2913, 50899412, 8, 4),
(2914, 50899412, 9, 4),
(2915, 50899412, 10, 4),
(2916, 50899412, 11, 4),
(2917, 50899412, 12, 4),
(2918, 50899412, 13, 4),
(2919, 50899412, 14, 4),
(2920, 50899412, 15, 5),
(2921, 50899412, 16, 5),
(2922, 50899412, 17, 5),
(2923, 50899412, 18, 5),
(2924, 50899412, 19, 5),
(2925, 50899412, 20, 5),
(2926, 50899412, 21, 4),
(2927, 50899412, 22, 4),
(2928, 50899412, 23, 4),
(2929, 50899412, 24, 4),
(2930, 50899412, 25, 4),
(2931, 50899412, 26, 5),
(2932, 50899412, 27, 5),
(2933, 50899412, 28, 5),
(2934, 50899412, 29, 5),
(2935, 50899412, 30, 5),
(2936, 50899412, 31, 5),
(2937, 50899412, 32, 5),
(2938, 50899412, 33, 4),
(2939, 50899412, 34, 4),
(2940, 50899412, 35, 4),
(2941, 50899412, 36, 3),
(2942, 50899412, 37, 3),
(2943, 50899412, 38, 4),
(2944, 45117264, 1, 5),
(2945, 45117264, 2, 4),
(2946, 45117264, 3, 5),
(2947, 45117264, 4, 4),
(2948, 45117264, 5, 5),
(2949, 45117264, 6, 5),
(2950, 45117264, 7, 5),
(2951, 45117264, 8, 4),
(2952, 45117264, 9, 4),
(2953, 45117264, 10, 5),
(2954, 45117264, 11, 5),
(2955, 45117264, 12, 4),
(2956, 45117264, 13, 4),
(2957, 45117264, 14, 4),
(2958, 45117264, 15, 5),
(2959, 45117264, 16, 4),
(2960, 45117264, 17, 4),
(2961, 45117264, 18, 4),
(2962, 45117264, 19, 4),
(2963, 45117264, 20, 4),
(2964, 45117264, 21, 4),
(2965, 45117264, 22, 4),
(2966, 45117264, 23, 4),
(2967, 45117264, 24, 4),
(2968, 45117264, 25, 4),
(2969, 45117264, 26, 4),
(2970, 45117264, 27, 5),
(2971, 45117264, 28, 5),
(2972, 45117264, 29, 5),
(2973, 45117264, 30, 5),
(2974, 45117264, 31, 5),
(2975, 45117264, 32, 5),
(2976, 45117264, 33, 5),
(2977, 45117264, 34, 4),
(2978, 45117264, 35, 5),
(2979, 45117264, 36, 3),
(2980, 45117264, 37, 4),
(2981, 45117264, 38, 4),
(2982, 51852491, 1, 4),
(2983, 51852491, 2, 4),
(2984, 51852491, 3, 4),
(2985, 51852491, 4, 4),
(2986, 51852491, 5, 5),
(2987, 51852491, 6, 4),
(2988, 51852491, 7, 4),
(2989, 51852491, 8, 5),
(2990, 51852491, 9, 5),
(2991, 51852491, 10, 5),
(2992, 51852491, 11, 5),
(2993, 51852491, 12, 4),
(2994, 51852491, 13, 4),
(2995, 51852491, 14, 4),
(2996, 51852491, 15, 4),
(2997, 51852491, 16, 4),
(2998, 51852491, 17, 5),
(2999, 51852491, 18, 5),
(3000, 51852491, 19, 5),
(3001, 51852491, 20, 4),
(3002, 51852491, 21, 4),
(3003, 51852491, 22, 4),
(3004, 51852491, 23, 5),
(3005, 51852491, 24, 5),
(3006, 51852491, 25, 5),
(3007, 51852491, 26, 4),
(3008, 51852491, 27, 5),
(3009, 51852491, 28, 5),
(3010, 51852491, 29, 5),
(3011, 51852491, 30, 5),
(3012, 51852491, 31, 4),
(3013, 51852491, 32, 5),
(3014, 51852491, 33, 4),
(3015, 51852491, 34, 5),
(3016, 51852491, 35, 4),
(3017, 51852491, 36, 4),
(3018, 51852491, 37, 4),
(3019, 51852491, 38, 4),
(3020, 43663849, 1, 5),
(3021, 43663849, 2, 4),
(3022, 43663849, 3, 4),
(3023, 43663849, 4, 5),
(3024, 43663849, 5, 5),
(3025, 43663849, 6, 4),
(3026, 43663849, 7, 4),
(3027, 43663849, 8, 5),
(3028, 43663849, 9, 5),
(3029, 43663849, 10, 5),
(3030, 43663849, 11, 5),
(3031, 43663849, 12, 5),
(3032, 43663849, 13, 5),
(3033, 43663849, 14, 5),
(3034, 43663849, 15, 5),
(3035, 43663849, 16, 4),
(3036, 43663849, 17, 5),
(3037, 43663849, 18, 4),
(3038, 43663849, 19, 4),
(3039, 43663849, 20, 4),
(3040, 43663849, 21, 4),
(3041, 43663849, 22, 4),
(3042, 43663849, 23, 4),
(3043, 43663849, 24, 4),
(3044, 43663849, 25, 5),
(3045, 43663849, 26, 5),
(3046, 43663849, 27, 5),
(3047, 43663849, 28, 5),
(3048, 43663849, 29, 5),
(3049, 43663849, 30, 4),
(3050, 43663849, 31, 4),
(3051, 43663849, 32, 5),
(3052, 43663849, 33, 4),
(3053, 43663849, 34, 5),
(3054, 43663849, 35, 5),
(3055, 43663849, 36, 4),
(3056, 43663849, 37, 4),
(3057, 43663849, 38, 4),
(3058, 61550782, 1, 4),
(3059, 61550782, 2, 4),
(3060, 61550782, 3, 4),
(3061, 61550782, 4, 4),
(3062, 61550782, 5, 5),
(3063, 61550782, 6, 4),
(3064, 61550782, 7, 4),
(3065, 61550782, 8, 4),
(3066, 61550782, 9, 5),
(3067, 61550782, 10, 4),
(3068, 61550782, 11, 4),
(3069, 61550782, 12, 5),
(3070, 61550782, 13, 4),
(3071, 61550782, 14, 4),
(3072, 61550782, 15, 4),
(3073, 61550782, 16, 4),
(3074, 61550782, 17, 4),
(3075, 61550782, 18, 4),
(3076, 61550782, 19, 4),
(3077, 61550782, 20, 4),
(3078, 61550782, 21, 4),
(3079, 61550782, 22, 4),
(3080, 61550782, 23, 4),
(3081, 61550782, 24, 5),
(3082, 61550782, 25, 5),
(3083, 61550782, 26, 4),
(3084, 61550782, 27, 4),
(3085, 61550782, 28, 5),
(3086, 61550782, 29, 4),
(3087, 61550782, 30, 4),
(3088, 61550782, 31, 4),
(3089, 61550782, 32, 4),
(3090, 61550782, 33, 4),
(3091, 61550782, 34, 4),
(3092, 61550782, 35, 5),
(3093, 61550782, 36, 3),
(3094, 61550782, 37, 4),
(3095, 61550782, 38, 3),
(3096, 50899405, 1, 4),
(3097, 50899405, 2, 4),
(3098, 50899405, 3, 4),
(3099, 50899405, 4, 5),
(3100, 50899405, 5, 5),
(3101, 50899405, 6, 4),
(3102, 50899405, 7, 4),
(3103, 50899405, 8, 4),
(3104, 50899405, 9, 4),
(3105, 50899405, 10, 4),
(3106, 50899405, 11, 4),
(3107, 50899405, 12, 0),
(3108, 50899405, 13, 4),
(3109, 50899405, 14, 4),
(3110, 50899405, 15, 4),
(3111, 50899405, 16, 4),
(3112, 50899405, 17, 5),
(3113, 50899405, 18, 0),
(3114, 50899405, 19, 4),
(3115, 50899405, 20, 4),
(3116, 50899405, 21, 4),
(3117, 50899405, 22, 4),
(3118, 50899405, 23, 4),
(3119, 50899405, 24, 4),
(3120, 50899405, 25, 4),
(3121, 50899405, 26, 4),
(3122, 50899405, 27, 4),
(3123, 50899405, 28, 4),
(3124, 50899405, 29, 4),
(3125, 50899405, 30, 4),
(3126, 50899405, 31, 4),
(3127, 50899405, 32, 5),
(3128, 50899405, 33, 5),
(3129, 50899405, 34, 4),
(3130, 50899405, 35, 4),
(3131, 50899405, 36, 3),
(3132, 50899405, 37, 4),
(3133, 50899405, 38, 4),
(3134, 53755639, 1, 4),
(3135, 53755639, 2, 4),
(3136, 53755639, 3, 4),
(3137, 53755639, 4, 5),
(3138, 53755639, 5, 5),
(3139, 53755639, 6, 4),
(3140, 53755639, 7, 4),
(3141, 53755639, 8, 5),
(3142, 53755639, 9, 5),
(3143, 53755639, 10, 5),
(3144, 53755639, 11, 4),
(3145, 53755639, 12, 4),
(3146, 53755639, 13, 4),
(3147, 53755639, 14, 4),
(3148, 53755639, 15, 4),
(3149, 53755639, 16, 4),
(3150, 53755639, 17, 4),
(3151, 53755639, 18, 4),
(3152, 53755639, 19, 4),
(3153, 53755639, 20, 4),
(3154, 53755639, 21, 4),
(3155, 53755639, 22, 4),
(3156, 53755639, 23, 4),
(3157, 53755639, 24, 4),
(3158, 53755639, 25, 5),
(3159, 53755639, 26, 5),
(3160, 53755639, 27, 5),
(3161, 53755639, 28, 4),
(3162, 53755639, 29, 4),
(3163, 53755639, 30, 4),
(3164, 53755639, 31, 4),
(3165, 53755639, 32, 4),
(3166, 53755639, 33, 4),
(3167, 53755639, 34, 4),
(3168, 53755639, 35, 4),
(3169, 53755639, 36, 3),
(3170, 53755639, 37, 4),
(3171, 53755639, 38, 3),
(3172, 19457566, 1, 4),
(3173, 19457566, 2, 4),
(3174, 19457566, 3, 4),
(3175, 19457566, 4, 5),
(3176, 19457566, 5, 4),
(3177, 19457566, 6, 5),
(3178, 19457566, 7, 5),
(3179, 19457566, 8, 5),
(3180, 19457566, 9, 5),
(3181, 19457566, 10, 5),
(3182, 19457566, 11, 5),
(3183, 19457566, 12, 4),
(3184, 19457566, 13, 4),
(3185, 19457566, 14, 4),
(3186, 19457566, 15, 4),
(3187, 19457566, 16, 4),
(3188, 19457566, 17, 4),
(3189, 19457566, 18, 4),
(3190, 19457566, 19, 4),
(3191, 19457566, 20, 4),
(3192, 19457566, 21, 1),
(3193, 19457566, 22, 4),
(3194, 19457566, 23, 4),
(3195, 19457566, 24, 5),
(3196, 19457566, 25, 4),
(3197, 19457566, 26, 4),
(3198, 19457566, 27, 4),
(3199, 19457566, 28, 5),
(3200, 19457566, 29, 4),
(3201, 19457566, 30, 4),
(3202, 19457566, 31, 4),
(3203, 19457566, 32, 5),
(3204, 19457566, 33, 5),
(3205, 19457566, 34, 4),
(3206, 19457566, 35, 4),
(3207, 19457566, 36, 4),
(3208, 19457566, 37, 3),
(3209, 19457566, 38, 4),
(3210, 50899413, 1, 4),
(3211, 50899413, 2, 4),
(3212, 50899413, 3, 4),
(3213, 50899413, 4, 5),
(3214, 50899413, 5, 4),
(3215, 50899413, 6, 4),
(3216, 50899413, 7, 4),
(3217, 50899413, 8, 4),
(3218, 50899413, 9, 4),
(3219, 50899413, 10, 5),
(3220, 50899413, 11, 4),
(3221, 50899413, 12, 5),
(3222, 50899413, 13, 5),
(3223, 50899413, 14, 3),
(3224, 50899413, 15, 4),
(3225, 50899413, 16, 4),
(3226, 50899413, 17, 4),
(3227, 50899413, 18, 4),
(3228, 50899413, 19, 4),
(3229, 50899413, 20, 4),
(3230, 50899413, 21, 4),
(3231, 50899413, 22, 4),
(3232, 50899413, 23, 4),
(3233, 50899413, 24, 4),
(3234, 50899413, 25, 4),
(3235, 50899413, 26, 4),
(3236, 50899413, 27, 4),
(3237, 50899413, 28, 5),
(3238, 50899413, 29, 5),
(3239, 50899413, 30, 4),
(3240, 50899413, 31, 4),
(3241, 50899413, 32, 4),
(3242, 50899413, 33, 5),
(3243, 50899413, 34, 4),
(3244, 50899413, 35, 5),
(3245, 50899413, 36, 4),
(3246, 50899413, 37, 3),
(3247, 50899413, 38, 3),
(3248, 51298280, 1, 4),
(3249, 51298280, 2, 4),
(3250, 51298280, 3, 4),
(3251, 51298280, 4, 5),
(3252, 51298280, 5, 5),
(3253, 51298280, 6, 5),
(3254, 51298280, 7, 5),
(3255, 51298280, 8, 5),
(3256, 51298280, 9, 5),
(3257, 51298280, 10, 5),
(3258, 51298280, 11, 4),
(3259, 51298280, 12, 4),
(3260, 51298280, 13, 4),
(3261, 51298280, 14, 4),
(3262, 51298280, 15, 4),
(3263, 51298280, 16, 4),
(3264, 51298280, 17, 4),
(3265, 51298280, 18, 4),
(3266, 51298280, 19, 4),
(3267, 51298280, 20, 4),
(3268, 51298280, 21, 4),
(3269, 51298280, 22, 4),
(3270, 51298280, 23, 4),
(3271, 51298280, 24, 5),
(3272, 51298280, 25, 4),
(3273, 51298280, 26, 4),
(3274, 51298280, 27, 5),
(3275, 51298280, 28, 5),
(3276, 51298280, 29, 5),
(3277, 51298280, 30, 4),
(3278, 51298280, 31, 4),
(3279, 51298280, 32, 4),
(3280, 51298280, 33, 4),
(3281, 51298280, 34, 4),
(3282, 51298280, 35, 4),
(3283, 51298280, 36, 4),
(3284, 51298280, 37, 4),
(3285, 51298280, 38, 3),
(3286, 5089415, 1, 4),
(3287, 5089415, 2, 4),
(3288, 5089415, 3, 4),
(3289, 5089415, 4, 5),
(3290, 5089415, 5, 5),
(3291, 5089415, 6, 5),
(3292, 5089415, 7, 5),
(3293, 5089415, 8, 5),
(3294, 5089415, 9, 5),
(3295, 5089415, 10, 4),
(3296, 5089415, 11, 4),
(3297, 5089415, 12, 4),
(3298, 5089415, 13, 4),
(3299, 5089415, 14, 4),
(3300, 5089415, 15, 4),
(3301, 5089415, 16, 4),
(3302, 5089415, 17, 4),
(3303, 5089415, 18, 5),
(3304, 5089415, 19, 5),
(3305, 5089415, 20, 4),
(3306, 5089415, 21, 5),
(3307, 5089415, 22, 4),
(3308, 5089415, 23, 4),
(3309, 5089415, 24, 4),
(3310, 5089415, 25, 4),
(3311, 5089415, 26, 4),
(3312, 5089415, 27, 4),
(3313, 5089415, 28, 4),
(3314, 5089415, 29, 4),
(3315, 5089415, 30, 5),
(3316, 5089415, 31, 5),
(3317, 5089415, 32, 4),
(3318, 5089415, 33, 4),
(3319, 5089415, 34, 4),
(3320, 5089415, 35, 4),
(3321, 5089415, 36, 3),
(3322, 5089415, 37, 4),
(3323, 5089415, 38, 4),
(3324, 65920345, 1, 4),
(3325, 65920345, 2, 4),
(3326, 65920345, 3, 4),
(3327, 65920345, 4, 5),
(3328, 65920345, 5, 4),
(3329, 65920345, 6, 4),
(3330, 65920345, 7, 5),
(3331, 65920345, 8, 5),
(3332, 65920345, 9, 4),
(3333, 65920345, 10, 4),
(3334, 65920345, 11, 5),
(3335, 65920345, 12, 4),
(3336, 65920345, 13, 4),
(3337, 65920345, 14, 4),
(3338, 65920345, 15, 4),
(3339, 65920345, 16, 4),
(3340, 65920345, 17, 4),
(3341, 65920345, 18, 4),
(3342, 65920345, 19, 4),
(3343, 65920345, 20, 4),
(3344, 65920345, 21, 4),
(3345, 65920345, 22, 4),
(3346, 65920345, 23, 4),
(3347, 65920345, 24, 4),
(3348, 65920345, 25, 5),
(3349, 65920345, 26, 5),
(3350, 65920345, 27, 5),
(3351, 65920345, 28, 5),
(3352, 65920345, 29, 4),
(3353, 65920345, 30, 4),
(3354, 65920345, 31, 5),
(3355, 65920345, 32, 5),
(3356, 65920345, 33, 5),
(3357, 65920345, 34, 5),
(3358, 65920345, 35, 5),
(3359, 65920345, 36, 3),
(3360, 65920345, 37, 4),
(3361, 65920345, 38, 3),
(3362, 51679747, 1, 4),
(3363, 51679747, 2, 4),
(3364, 51679747, 3, 4),
(3365, 51679747, 4, 4),
(3366, 51679747, 5, 5),
(3367, 51679747, 6, 4),
(3368, 51679747, 7, 5),
(3369, 51679747, 8, 4),
(3370, 51679747, 9, 4),
(3371, 51679747, 10, 5),
(3372, 51679747, 11, 4),
(3373, 51679747, 12, 4),
(3374, 51679747, 13, 4),
(3375, 51679747, 14, 4),
(3376, 51679747, 15, 4),
(3377, 51679747, 16, 4),
(3378, 51679747, 17, 4),
(3379, 51679747, 18, 4),
(3380, 51679747, 19, 4),
(3381, 51679747, 20, 4),
(3382, 51679747, 21, 4),
(3383, 51679747, 22, 4),
(3384, 51679747, 23, 4),
(3385, 51679747, 24, 4),
(3386, 51679747, 25, 4),
(3387, 51679747, 26, 4),
(3388, 51679747, 27, 4),
(3389, 51679747, 28, 4),
(3390, 51679747, 29, 4),
(3391, 51679747, 30, 5),
(3392, 51679747, 31, 4),
(3393, 51679747, 32, 4),
(3394, 51679747, 33, 4),
(3395, 51679747, 34, 4),
(3396, 51679747, 35, 4),
(3397, 51679747, 36, 3),
(3398, 51679747, 37, 3),
(3399, 51679747, 38, 3),
(3400, 66906937, 1, 5),
(3401, 66906937, 2, 4),
(3402, 66906937, 3, 4),
(3403, 66906937, 4, 4),
(3404, 66906937, 5, 5),
(3405, 66906937, 6, 5),
(3406, 66906937, 7, 5),
(3407, 66906937, 8, 4),
(3408, 66906937, 9, 5),
(3409, 66906937, 10, 4),
(3410, 66906937, 11, 5),
(3411, 66906937, 12, 5),
(3412, 66906937, 13, 5),
(3413, 66906937, 14, 5),
(3414, 66906937, 15, 5),
(3415, 66906937, 16, 4),
(3416, 66906937, 17, 5),
(3417, 66906937, 18, 4),
(3418, 66906937, 19, 4),
(3419, 66906937, 20, 5),
(3420, 66906937, 21, 4),
(3421, 66906937, 22, 4),
(3422, 66906937, 23, 5),
(3423, 66906937, 24, 4),
(3424, 66906937, 25, 4),
(3425, 66906937, 26, 5),
(3426, 66906937, 27, 5),
(3427, 66906937, 28, 5),
(3428, 66906937, 29, 4),
(3429, 66906937, 30, 5),
(3430, 66906937, 31, 5),
(3431, 66906937, 32, 5),
(3432, 66906937, 33, 5),
(3433, 66906937, 34, 5),
(3434, 66906937, 35, 4),
(3435, 66906937, 36, 4),
(3436, 66906937, 37, 4),
(3437, 66906937, 38, 3),
(3438, 62537055, 1, 4),
(3439, 62537055, 2, 5),
(3440, 62537055, 3, 4),
(3441, 62537055, 4, 5),
(3442, 62537055, 5, 4),
(3443, 62537055, 6, 5),
(3444, 62537055, 7, 5),
(3445, 62537055, 8, 4),
(3446, 62537055, 9, 5),
(3447, 62537055, 10, 5),
(3448, 62537055, 11, 4),
(3449, 62537055, 12, 4),
(3450, 62537055, 13, 4),
(3451, 62537055, 14, 4),
(3452, 62537055, 15, 4),
(3453, 62537055, 16, 4),
(3454, 62537055, 17, 4),
(3455, 62537055, 18, 4),
(3456, 62537055, 19, 4),
(3457, 62537055, 20, 4),
(3458, 62537055, 21, 4),
(3459, 62537055, 22, 4),
(3460, 62537055, 23, 4),
(3461, 62537055, 24, 5),
(3462, 62537055, 25, 5),
(3463, 62537055, 26, 4),
(3464, 62537055, 27, 4),
(3465, 62537055, 28, 4),
(3466, 62537055, 29, 4),
(3467, 62537055, 30, 4),
(3468, 62537055, 31, 4),
(3469, 62537055, 32, 4),
(3470, 62537055, 33, 5),
(3471, 62537055, 34, 4),
(3472, 62537055, 35, 4),
(3473, 62537055, 36, 4),
(3474, 62537055, 37, 3),
(3475, 62537055, 38, 4),
(3476, 50253579, 1, 4),
(3477, 50253579, 2, 4),
(3478, 50253579, 3, 4),
(3479, 50253579, 4, 5),
(3480, 50253579, 5, 5),
(3481, 50253579, 6, 5),
(3482, 50253579, 7, 4),
(3483, 50253579, 8, 5),
(3484, 50253579, 9, 5),
(3485, 50253579, 10, 5),
(3486, 50253579, 11, 5),
(3487, 50253579, 12, 4),
(3488, 50253579, 13, 4),
(3489, 50253579, 14, 4),
(3490, 50253579, 15, 4),
(3491, 50253579, 16, 4),
(3492, 50253579, 17, 4),
(3493, 50253579, 18, 4),
(3494, 50253579, 19, 4),
(3495, 50253579, 20, 4),
(3496, 50253579, 21, 4),
(3497, 50253579, 22, 4),
(3498, 50253579, 23, 4),
(3499, 50253579, 24, 4),
(3500, 50253579, 25, 4),
(3501, 50253579, 26, 5),
(3502, 50253579, 27, 5),
(3503, 50253579, 28, 5),
(3504, 50253579, 29, 5),
(3505, 50253579, 30, 4),
(3506, 50253579, 31, 5),
(3507, 50253579, 32, 4),
(3508, 50253579, 33, 4),
(3509, 50253579, 34, 5),
(3510, 50253579, 35, 4),
(3511, 50253579, 36, 4),
(3512, 50253579, 37, 4),
(3513, 50253579, 38, 3),
(3514, 65821918, 1, 5),
(3515, 65821918, 2, 4),
(3516, 65821918, 3, 4),
(3517, 65821918, 4, 5),
(3518, 65821918, 5, 5),
(3519, 65821918, 6, 5),
(3520, 65821918, 7, 5),
(3521, 65821918, 8, 5),
(3522, 65821918, 9, 4),
(3523, 65821918, 10, 5),
(3524, 65821918, 11, 5),
(3525, 65821918, 12, 4),
(3526, 65821918, 13, 4),
(3527, 65821918, 14, 4),
(3528, 65821918, 15, 5),
(3529, 65821918, 16, 5),
(3530, 65821918, 17, 4),
(3531, 65821918, 18, 4),
(3532, 65821918, 19, 4),
(3533, 65821918, 20, 4),
(3534, 65821918, 21, 4),
(3535, 65821918, 22, 4),
(3536, 65821918, 23, 4),
(3537, 65821918, 24, 4),
(3538, 65821918, 25, 4),
(3539, 65821918, 26, 5),
(3540, 65821918, 27, 5),
(3541, 65821918, 28, 5),
(3542, 65821918, 29, 5),
(3543, 65821918, 30, 5),
(3544, 65821918, 31, 5),
(3545, 65821918, 32, 5),
(3546, 65821918, 33, 5),
(3547, 65821918, 34, 5),
(3548, 65821918, 35, 4),
(3549, 65821918, 36, 3),
(3550, 65821918, 37, 4),
(3551, 65821918, 38, 4);

-- --------------------------------------------------------

--
-- Table structure for table `tabel_penilaian_kriteria_murid`
--

CREATE TABLE `tabel_penilaian_kriteria_murid` (
  `id` int(11) NOT NULL,
  `nisn` int(30) NOT NULL,
  `un_ipa` int(5) NOT NULL,
  `un_ips` int(5) NOT NULL,
  `un_matematika` int(5) NOT NULL,
  `tes_soal_ipa` int(5) NOT NULL,
  `tes_soal_ips` int(5) NOT NULL,
  `bahasa_indo_smes_1` int(5) NOT NULL,
  `bahasa_indo_smes_2` int(5) NOT NULL,
  `bahasa_indo_smes_3` int(5) NOT NULL,
  `bahasa_indo_smes_4` int(5) NOT NULL,
  `bahasa_indo_smes_5` int(5) NOT NULL,
  `bahasa_indo_smes_6` int(5) NOT NULL,
  `bahasa_ing_smes_1` int(5) NOT NULL,
  `bahasa_ing_smes_2` int(5) NOT NULL,
  `bahasa_ing_smes_3` int(5) NOT NULL,
  `bahasa_ing_smes_4` int(5) NOT NULL,
  `bahasa_ing_smes_5` int(5) NOT NULL,
  `bahasa_ing_smes_6` int(5) NOT NULL,
  `matematika_smes_1` int(5) NOT NULL,
  `matematika_smes_2` int(5) NOT NULL,
  `matematika_smes_3` int(5) NOT NULL,
  `matematika_smes_4` int(5) NOT NULL,
  `matematika_smes_5` int(5) NOT NULL,
  `matematika_smes_6` int(5) NOT NULL,
  `ipa_smes_1` int(5) NOT NULL,
  `ipa_smes_2` int(5) NOT NULL,
  `ipa_smes_3` int(5) NOT NULL,
  `ipa_smes_4` int(5) NOT NULL,
  `ipa_smes_5` int(5) NOT NULL,
  `ipa_smes_6` int(5) NOT NULL,
  `ips_smes_1` int(5) NOT NULL,
  `ips_smes_2` int(5) NOT NULL,
  `ips_smes_3` int(5) NOT NULL,
  `ips_smes_4` int(5) NOT NULL,
  `ips_smes_5` int(5) NOT NULL,
  `ips_smes_6` int(5) NOT NULL,
  `tes_wawancara` varchar(5) NOT NULL,
  `minat_murid` varchar(20) NOT NULL,
  `saran_orang_tua` varchar(20) NOT NULL
) ENGINE=InnoDB DEFAULT CHARSET=utf8mb4;

--
-- Dumping data for table `tabel_penilaian_kriteria_murid`
--

INSERT INTO `tabel_penilaian_kriteria_murid` (`id`, `nisn`, `un_ipa`, `un_ips`, `un_matematika`, `tes_soal_ipa`, `tes_soal_ips`, `bahasa_indo_smes_1`, `bahasa_indo_smes_2`, `bahasa_indo_smes_3`, `bahasa_indo_smes_4`, `bahasa_indo_smes_5`, `bahasa_indo_smes_6`, `bahasa_ing_smes_1`, `bahasa_ing_smes_2`, `bahasa_ing_smes_3`, `bahasa_ing_smes_4`, `bahasa_ing_smes_5`, `bahasa_ing_smes_6`, `matematika_smes_1`, `matematika_smes_2`, `matematika_smes_3`, `matematika_smes_4`, `matematika_smes_5`, `matematika_smes_6`, `ipa_smes_1`, `ipa_smes_2`, `ipa_smes_3`, `ipa_smes_4`, `ipa_smes_5`, `ipa_smes_6`, `ips_smes_1`, `ips_smes_2`, `ips_smes_3`, `ips_smes_4`, `ips_smes_5`, `ips_smes_6`, `tes_wawancara`, `minat_murid`, `saran_orang_tua`) VALUES
(78, 59748494, 75, 80, 77, 80, 70, 78, 78, 80, 75, 80, 80, 77, 77, 80, 85, 83, 79, 68, 70, 70, 73, 75, 77, 80, 80, 88, 84, 78, 86, 77, 87, 80, 70, 77, 89, 'IPA', 'IPA', 'IPS'),
(79, 27850493, 75, 80, 78, 80, 87, 77, 77, 77, 76, 80, 88, 75, 75, 70, 79, 80, 79, 75, 75, 75, 80, 79, 77, 82, 82, 80, 80, 79, 88, 78, 77, 98, 78, 88, 80, 'IPA', 'IPA', 'IPA'),
(80, 688715555, 80, 83, 78, 76, 80, 80, 80, 82, 88, 84, 87, 75, 75, 75, 78, 70, 89, 80, 78, 75, 75, 75, 87, 80, 83, 80, 80, 86, 88, 78, 77, 87, 76, 80, 80, 'IPS', 'IPA', 'IPS'),
(81, 55811838, 70, 77, 76, 88, 70, 83, 85, 85, 85, 88, 89, 77, 76, 78, 75, 75, 77, 77, 77, 73, 75, 80, 80, 89, 88, 87, 86, 87, 78, 77, 67, 87, 88, 80, 98, 'IPA', 'IPS', 'IPA'),
(82, 58653752, 80, 80, 77, 90, 78, 80, 80, 80, 80, 77, 88, 75, 77, 77, 70, 80, 79, 75, 75, 75, 70, 77, 80, 78, 73, 74, 75, 75, 75, 87, 70, 70, 75, 71, 72, 'IPA', 'IPS', 'IPA'),
(83, 38826373, 80, 70, 77, 78, 80, 80, 80, 80, 88, 90, 87, 88, 87, 77, 76, 81, 80, 75, 75, 71, 70, 70, 77, 78, 70, 80, 80, 81, 82, 80, 71, 75, 75, 77, 78, 'IPA', 'IPS', 'IPA'),
(84, 62502672, 60, 78, 70, 80, 80, 70, 77, 72, 74, 74, 77, 78, 78, 70, 70, 70, 77, 80, 79, 79, 72, 75, 78, 80, 80, 84, 83, 85, 88, 79, 80, 80, 80, 80, 89, 'IPS', 'IPA', 'IPA'),
(85, 59532725, 78, 70, 70, 78, 90, 78, 77, 77, 77, 77, 79, 68, 79, 77, 89, 88, 80, 78, 78, 70, 75, 75, 77, 80, 88, 78, 77, 80, 80, 87, 77, 75, 75, 75, 77, 'IPA', 'IPA', 'IPA'),
(86, 44858940, 77, 70, 78, 80, 79, 75, 75, 75, 78, 80, 88, 78, 77, 75, 75, 79, 80, 80, 78, 79, 77, 80, 86, 80, 80, 88, 87, 77, 85, 78, 77, 72, 73, 73, 73, 'IPA', 'IPA', 'IPA'),
(87, 69857938, 77, 87, 80, 83, 80, 80, 80, 80, 80, 80, 88, 78, 70, 70, 75, 75, 77, 76, 80, 78, 78, 73, 73, 77, 88, 80, 87, 88, 88, 90, 88, 78, 88, 80, 85, 'IPA', 'IPS', 'IPA'),
(88, 78563056, 85, 78, 75, 75, 75, 74, 77, 80, 80, 78, 80, 67, 78, 77, 80, 80, 88, 60, 87, 77, 72, 72, 73, 76, 80, 82, 82, 85, 78, 80, 80, 78, 77, 87, 80, 'IPA', 'IPA', 'IPA'),
(89, 52918620, 77, 70, 67, 87, 88, 78, 80, 80, 87, 75, 77, 80, 75, 75, 74, 73, 77, 80, 85, 80, 80, 79, 85, 78, 80, 80, 83, 82, 81, 79, 80, 80, 88, 86, 84, 'IPA', 'IPS', 'IPA'),
(90, 50899406, 728, 77, 80, 80, 80, 87, 82, 85, 80, 88, 75, 77, 70, 81, 81, 81, 85, 79, 70, 80, 85, 78, 77, 90, 86, 8, 78, 78, 81, 80, 80, 85, 81, 82, 82, 'IPS', 'IPA', 'IPA'),
(91, 66066731, 88, 80, 87, 79, 70, 85, 86, 81, 83, 88, 87, 89, 80, 78, 77, 82, 79, 75, 77, 86, 79, 82, 81, 80, 82, 82, 88, 86, 70, 84, 80, 88, 85, 85, 86, 'IPS', 'IPA', 'IPS'),
(92, 57896323, 78, 77, 56, 90, 87, 80, 88, 85, 80, 81, 88, 78, 77, 72, 80, 80, 88, 77, 89, 85, 88, 79, 85, 76, 77, 87, 76, 80, 79, 80, 85, 78, 82, 81, 81, 'IPA', 'IPA', 'IPA'),
(93, 68996124, 80, 78, 68, 80, 75, 88, 78, 98, 67, 88, 80, 78, 77, 70, 70, 70, 71, 79, 80, 81, 88, 79, 80, 87, 88, 75, 77, 86, 87, 87, 88, 76, 66, 79, 80, 'IPS', 'IPA', 'IPA'),
(94, 38431124, 67, 70, 77, 89, 78, 80, 80, 80, 67, 81, 80, 76, 77, 78, 76, 76, 69, 80, 80, 77, 77, 83, 81, 80, 77, 81, 81, 88, 79, 76, 77, 75, 75, 80, 88, 'IPS', 'IPS', 'IPS'),
(95, 66413834, 78, 79, 87, 80, 85, 81, 80, 80, 75, 77, 78, 76, 70, 80, 82, 80, 80, 80, 82, 81, 81, 82, 82, 88, 87, 85, 85, 85, 80, 79, 80, 80, 80, 82, 82, 'IPS', 'IPS', 'IPA'),
(96, 62978525, 82, 80, 75, 77, 85, 80, 87, 67, 77, 82, 85, 78, 90, 87, 88, 84, 80, 78, 77, 83, 81, 83, 87, 78, 70, 80, 80, 85, 87, 89, 80, 80, 88, 67, 77, 'IPA', 'IPA', 'IPA'),
(97, 53658591, 78, 77, 65, 87, 80, 81, 82, 82, 82, 81, 80, 80, 80, 80, 85, 87, 88, 78, 80, 80, 83, 84, 79, 86, 88, 82, 78, 77, 82, 70, 75, 77, 79, 80, 80, 'IPS', 'IPA', 'IPS'),
(98, 67460864, 80, 80, 85, 78, 77, 80, 85, 85, 85, 89, 84, 88, 78, 70, 77, 73, 80, 77, 77, 76, 75, 75, 75, 80, 80, 80, 82, 88, 89, 83, 81, 81, 81, 84, 85, 'IPS', 'IPA', 'IPA'),
(99, 42927529, 78, 77, 65, 87, 89, 80, 80, 87, 67, 77, 87, 80, 87, 68, 77, 79, 83, 81, 81, 78, 78, 77, 79, 80, 80, 81, 83, 87, 87, 78, 77, 89, 80, 79, 80, 'IPA', 'IPA', 'IPS'),
(100, 54230063, 77, 67, 68, 87, 67, 70, 70, 77, 87, 80, 80, 80, 87, 80, 80, 82, 81, 78, 77, 80, 80, 79, 77, 78, 89, 80, 80, 88, 79, 65, 66, 87, 77, 87, 87, 'IPS', 'IPS', 'IPA'),
(101, 67547785, 60, 77, 69, 74, 60, 67, 75, 75, 75, 70, 77, 80, 75, 77, 72, 72, 72, 70, 70, 77, 79, 78, 71, 78, 76, 78, 75, 87, 65, 87, 88, 81, 82, 81, 80, 'IPS', 'IPA', 'IPS'),
(102, 51885116, 77, 72, 69, 80, 74, 80, 74, 73, 72, 72, 72, 80, 80, 88, 86, 84, 87, 80, 80, 78, 77, 79, 79, 70, 80, 80, 82, 81, 81, 85, 80, 81, 81, 86, 83, 'IPS', 'IPA', 'IPA'),
(103, 65275046, 80, 77, 70, 70, 89, 88, 80, 80, 80, 76, 75, 87, 77, 78, 70, 70, 80, 80, 75, 75, 76, 80, 82, 83, 80, 80, 79, 77, 73, 80, 72, 77, 73, 73, 75, 'IPS', 'IPA', 'IPA'),
(104, 61960944, 77, 80, 68, 80, 80, 78, 70, 98, 80, 80, 80, 97, 77, 79, 80, 82, 81, 80, 83, 83, 80, 83, 80, 83, 82, 80, 81, 83, 78, 87, 77, 80, 80, 89, 87, 'IPA', 'IPS', 'IPA'),
(105, 34429887, 80, 87, 78, 79, 89, 80, 80, 85, 88, 86, 87, 80, 89, 84, 88, 75, 77, 79, 86, 82, 81, 80, 84, 85, 82, 82, 88, 85, 79, 70, 77, 79, 76, 86, 89, 'IPS', 'IPA', 'IPA'),
(106, 30415089, 75, 73, 64, 75, 80, 76, 77, 74, 74, 75, 80, 80, 84, 82, 78, 77, 83, 70, 70, 77, 72, 72, 73, 79, 80, 88, 82, 81, 80, 87, 80, 82, 81, 86, 84, 'IPS', 'IPA', 'IPS'),
(107, 64559438, 77, 78, 67, 87, 70, 80, 84, 82, 81, 78, 77, 80, 81, 85, 85, 78, 79, 78, 77, 80, 76, 77, 82, 80, 80, 81, 81, 81, 77, 78, 80, 80, 83, 85, 85, 'IPA', 'IPA', 'IPA'),
(108, 50899412, 77, 76, 75, 89, 86, 75, 75, 75, 74, 77, 77, 80, 76, 78, 84, 85, 88, 83, 82, 81, 80, 74, 77, 79, 70, 87, 82, 81, 88, 89, 87, 82, 78, 80, 80, 'IPS', 'IPS', 'IPA'),
(109, 45117264, 76, 77, 87, 79, 84, 81, 81, 80, 80, 86, 88, 80, 78, 77, 85, 78, 78, 70, 70, 71, 72, 74, 76, 79, 79, 77, 87, 86, 84, 85, 87, 85, 88, 80, 89, 'IPS', 'IPA', 'IPA'),
(110, 51852491, 80, 75, 79, 80, 92, 80, 80, 88, 85, 85, 87, 78, 77, 79, 80, 80, 82, 86, 83, 80, 78, 78, 88, 81, 82, 80, 83, 84, 81, 84, 80, 86, 80, 86, 80, 'IPA', 'IPA', 'IPA'),
(111, 43663849, 78, 77, 80, 85, 87, 80, 80, 81, 83, 88, 85, 85, 87, 86, 88, 78, 87, 80, 76, 77, 73, 75, 77, 80, 86, 87, 85, 86, 81, 80, 80, 81, 80, 84, 88, 'IPA', 'IPA', 'IPA'),
(112, 61550782, 80, 77, 70, 80, 86, 78, 77, 80, 86, 79, 77, 86, 78, 77, 75, 76, 80, 75, 80, 67, 76, 70, 77, 82, 81, 80, 80, 85, 79, 77, 76, 75, 75, 80, 82, 'IPS', 'IPA', 'IPS'),
(113, 50899405, 80, 78, 79, 89, 85, 76, 77, 75, 78, 70, 80, 0, 78, 77, 80, 80, 87, 0, 76, 77, 77, 77, 75, 70, 73, 76, 77, 78, 76, 80, 80, 82, 86, 79, 77, 'IPS', 'IPA', 'IPA'),
(114, 53755639, 80, 77, 79, 89, 92, 80, 80, 81, 84, 88, 78, 77, 70, 73, 76, 78, 80, 74, 77, 76, 75, 75, 80, 80, 85, 83, 87, 78, 77, 70, 70, 75, 73, 76, 80, 'IPS', 'IPA', 'IPS'),
(115, 19457566, 76, 77, 67, 87, 80, 88, 87, 84, 83, 83, 87, 78, 77, 75, 75, 75, 80, 76, 75, 73, 3, 72, 79, 86, 78, 80, 70, 83, 79, 70, 80, 88, 84, 78, 76, 'IPA', 'IPS', 'IPA'),
(116, 50899413, 70, 78, 76, 87, 80, 78, 70, 80, 77, 85, 80, 88, 84, 58, 73, 75, 79, 80, 75, 76, 77, 78, 74, 73, 77, 80, 79, 83, 81, 79, 75, 70, 86, 77, 84, 'IPA', 'IPS', 'IPS'),
(117, 51298280, 75, 73, 63, 87, 85, 88, 85, 85, 85, 87, 80, 78, 70, 73, 80, 77, 70, 80, 70, 75, 70, 73, 71, 85, 80, 80, 88, 83, 87, 74, 77, 73, 76, 80, 70, 'IPA', 'IPA', 'IPS'),
(118, 5089415, 70, 77, 67, 85, 87, 83, 83, 82, 85, 80, 77, 67, 77, 79, 80, 70, 75, 89, 84, 80, 85, 78, 80, 70, 70, 71, 73, 77, 78, 95, 84, 78, 70, 80, 70, 'IPS', 'IPA', 'IPA'),
(119, 65920345, 75, 77, 78, 87, 80, 77, 85, 88, 80, 80, 84, 70, 77, 75, 75, 75, 80, 70, 77, 72, 75, 77, 77, 80, 84, 85, 85, 81, 79, 80, 82, 88, 85, 85, 87, 'IPS', 'IPA', 'IPS'),
(120, 51679747, 75, 75, 67, 80, 85, 70, 87, 80, 80, 85, 78, 70, 75, 70, 78, 77, 75, 80, 75, 75, 70, 72, 70, 80, 70, 80, 77, 80, 80, 89, 80, 77, 79, 80, 80, 'IPS', 'IPS', 'IPS'),
(121, 66906937, 78, 77, 78, 80, 88, 86, 87, 80, 85, 80, 82, 85, 85, 88, 84, 80, 83, 78, 77, 83, 80, 80, 81, 80, 80, 81, 82, 82, 80, 83, 85, 85, 82, 86, 80, 'IPA', 'IPA', 'IPS'),
(122, 62537055, 80, 81, 73, 94, 80, 86, 87, 80, 82, 85, 80, 78, 75, 70, 75, 70, 76, 77, 75, 75, 70, 79, 80, 85, 81, 80, 80, 79, 77, 75, 80, 76, 85, 80, 80, 'IPA', 'IPS', 'IPA'),
(123, 50253579, 88, 70, 75, 86, 87, 82, 80, 85, 85, 85, 82, 80, 78, 75, 79, 77, 77, 73, 71, 71, 75, 73, 68, 80, 80, 82, 88, 86, 84, 78, 82, 79, 77, 91, 78, 'IPA', 'IPA', 'IPS'),
(124, 65821918, 78, 77, 68, 95, 83, 81, 84, 84, 80, 85, 86, 79, 80, 80, 84, 81, 75, 79, 70, 75, 80, 80, 75, 70, 80, 84, 82, 85, 88, 87, 84, 83, 83, 81, 80, 'IPS', 'IPA', 'IPA');

--
-- Indexes for dumped tables
--

--
-- Indexes for table `admin`
--
ALTER TABLE `admin`
  ADD PRIMARY KEY (`id_admin`);

--
-- Indexes for table `tabel_kriteria`
--
ALTER TABLE `tabel_kriteria`
  ADD PRIMARY KEY (`id_kriteria`);

--
-- Indexes for table `tabel_murid`
--
ALTER TABLE `tabel_murid`
  ADD PRIMARY KEY (`id_siswa`),
  ADD KEY `nisn` (`nisn`);

--
-- Indexes for table `tabel_nilai_rating_kecocokan`
--
ALTER TABLE `tabel_nilai_rating_kecocokan`
  ADD PRIMARY KEY (`id_nilai`),
  ADD KEY `nisn` (`nisn`),
  ADD KEY `id_kriteria` (`id_kriteria`);

--
-- Indexes for table `tabel_penilaian_kriteria_murid`
--
ALTER TABLE `tabel_penilaian_kriteria_murid`
  ADD PRIMARY KEY (`id`),
  ADD KEY `nisn` (`nisn`);

--
-- AUTO_INCREMENT for dumped tables
--

--
-- AUTO_INCREMENT for table `admin`
--
ALTER TABLE `admin`
  MODIFY `id_admin` int(11) NOT NULL AUTO_INCREMENT, AUTO_INCREMENT=25;

--
-- AUTO_INCREMENT for table `tabel_kriteria`
--
ALTER TABLE `tabel_kriteria`
  MODIFY `id_kriteria` int(10) NOT NULL AUTO_INCREMENT, AUTO_INCREMENT=39;

--
-- AUTO_INCREMENT for table `tabel_murid`
--
ALTER TABLE `tabel_murid`
  MODIFY `id_siswa` int(100) NOT NULL AUTO_INCREMENT, AUTO_INCREMENT=152;

--
-- AUTO_INCREMENT for table `tabel_nilai_rating_kecocokan`
--
ALTER TABLE `tabel_nilai_rating_kecocokan`
  MODIFY `id_nilai` int(11) NOT NULL AUTO_INCREMENT, AUTO_INCREMENT=3552;

--
-- AUTO_INCREMENT for table `tabel_penilaian_kriteria_murid`
--
ALTER TABLE `tabel_penilaian_kriteria_murid`
  MODIFY `id` int(11) NOT NULL AUTO_INCREMENT, AUTO_INCREMENT=127;

--
-- Constraints for dumped tables
--

--
-- Constraints for table `tabel_nilai_rating_kecocokan`
--
ALTER TABLE `tabel_nilai_rating_kecocokan`
  ADD CONSTRAINT `tabel_nilai_rating_kecocokan_ibfk_1` FOREIGN KEY (`nisn`) REFERENCES `tabel_murid` (`nisn`) ON DELETE CASCADE ON UPDATE CASCADE;

--
-- Constraints for table `tabel_penilaian_kriteria_murid`
--
ALTER TABLE `tabel_penilaian_kriteria_murid`
  ADD CONSTRAINT `tabel_penilaian_kriteria_murid_ibfk_1` FOREIGN KEY (`nisn`) REFERENCES `tabel_murid` (`nisn`) ON DELETE CASCADE ON UPDATE CASCADE;
COMMIT;

/*!40101 SET CHARACTER_SET_CLIENT=@OLD_CHARACTER_SET_CLIENT */;
/*!40101 SET CHARACTER_SET_RESULTS=@OLD_CHARACTER_SET_RESULTS */;
/*!40101 SET COLLATION_CONNECTION=@OLD_COLLATION_CONNECTION */;
